IssueKey,ObservedIV,ObservedIVVersion,OV,OVVersion,FV,FVVersion,FVSource,IVSource,LAV,EffectiveIV,PUsed,OverlapsDataset,SzzFixCommits,SzzRows,JiraAffectedVersions,JiraFixVersions
STORM-1011,,,6,0.9.5,9,1.0.0,JIRA_FIX_VERSION,PROPORTION_TOTAL,2.0017058522872464,3,2.332764715904251,true,1,1,,1.0.0
STORM-1017,,,6,0.9.5,9,1.0.0,JIRA_FIX_VERSION,PROPORTION_TOTAL,2.0017058522872464,3,2.332764715904251,true,2,5,,1.0.0
STORM-1030,,,6,0.9.5,9,1.0.0,JIRA_FIX_VERSION,PROPORTION_TOTAL,2.0017058522872464,3,2.332764715904251,true,2,24,,1.0.0
STORM-1044,,,6,0.9.5,7,0.10.0,JIRA_FIX_VERSION,PROPORTION_TOTAL,4.667235284095749,5,2.332764715904251,true,2,6,,0.10.0
STORM-1051,7,0.10.0,6,0.9.5,8,0.9.6,JIRA_FIX_VERSION,PROPORTION_TOTAL,3.334470568191498,4,2.332764715904251,true,3,3,0.10.0 | 1.0.0 | 0.9.6,0.9.6
STORM-1054,,,6,0.9.5,9,1.0.0,JIRA_FIX_VERSION,PROPORTION_TOTAL,2.0017058522872464,3,2.332764715904251,true,1,1,,1.0.0
STORM-1073,,,6,0.9.5,9,1.0.0,JIRA_FIX_VERSION,PROPORTION_TOTAL,2.0017058522872464,3,2.332764715904251,true,1,10,,1.0.0
STORM-1087,,,6,0.9.5,9,1.0.0,JIRA_FIX_VERSION,PROPORTION_TOTAL,2.0017058522872464,3,2.332764715904251,true,1,1,,1.0.0
STORM-1094,7,0.10.0,6,0.9.5,7,0.10.0,JIRA_FIX_VERSION,PROPORTION_TOTAL,4.667235284095749,5,2.332764715904251,true,1,1,0.10.0 | 1.0.0 | 0.9.6,0.10.0
STORM-1111,,,6,0.9.5,9,1.0.0,JIRA_FIX_VERSION,PROPORTION_TOTAL,2.0017058522872464,3,2.332764715904251,true,1,3,,1.0.0
STORM-1114,,,6,0.9.5,17,1.0.4,JIRA_FIX_VERSION,PROPORTION_TOTAL,-8.66041187494676,1,2.332764715904251,true,4,9,,2.0.0 | 0.10.3 | 1.0.4 | 1.1.1 | 1.2.0
STORM-113,,,1,0.9.0.1,3,0.9.2-incubating,JIRA_FIX_VERSION,PROPORTION_TOTAL,-1.665529431808502,1,2.332764715904251,true,1,1,,0.9.2-incubating
STORM-1161,,,6,0.9.5,9,1.0.0,JIRA_FIX_VERSION,PROPORTION_TOTAL,2.0017058522872464,3,2.332764715904251,true,1,1,,1.0.0
STORM-1180,7,0.10.0,8,0.9.6,9,1.0.0,JIRA_FIX_VERSION,JIRA_AFFECTED_VERSION,,7,,true,1,1,0.10.0,1.0.0 | 0.10.1
STORM-1190,9,1.0.0,8,0.9.6,9,1.0.0,JIRA_FIX_VERSION,PROPORTION_TOTAL,6.667235284095749,7,2.332764715904251,true,1,1,1.0.0,1.0.0
STORM-1219,,,8,0.9.6,9,1.0.0,JIRA_FIX_VERSION,PROPORTION_TOTAL,6.667235284095749,7,2.332764715904251,true,1,4,,1.0.0
STORM-1220,,,8,0.9.6,9,1.0.0,JIRA_FIX_VERSION,PROPORTION_TOTAL,6.667235284095749,7,2.332764715904251,true,2,20,,1.0.0
STORM-1221,,,8,0.9.6,9,1.0.0,JIRA_FIX_VERSION,PROPORTION_TOTAL,6.667235284095749,7,2.332764715904251,true,1,5,,1.0.0
STORM-1348,,,8,0.9.6,9,1.0.0,JIRA_FIX_VERSION,PROPORTION_TOTAL,6.667235284095749,7,2.332764715904251,true,2,17,,1.0.0
STORM-1363,10,0.10.1,8,0.9.6,16,1.1.0,JIRA_FIX_VERSION,PROPORTION_TOTAL,-2.6621177272340084,1,2.332764715904251,true,2,2,0.10.1 | 1.x,2.0.0 | 1.1.0
STORM-1370,,,8,0.9.6,9,1.0.0,JIRA_FIX_VERSION,PROPORTION_TOTAL,6.667235284095749,7,2.332764715904251,true,1,3,,1.0.0
STORM-1417,,,8,0.9.6,9,1.0.0,JIRA_FIX_VERSION,PROPORTION_TOTAL,6.667235284095749,7,2.332764715904251,true,1,1,,1.0.0
STORM-1423,10,0.10.1,8,0.9.6,9,1.0.0,JIRA_FIX_VERSION,PROPORTION_TOTAL,6.667235284095749,7,2.332764715904251,true,1,2,0.10.1,1.0.0
STORM-1426,9,1.0.0,8,0.9.6,9,1.0.0,JIRA_FIX_VERSION,PROPORTION_TOTAL,6.667235284095749,7,2.332764715904251,true,1,1,1.0.0,1.0.0
STORM-1455,9,1.0.0,8,0.9.6,9,1.0.0,JIRA_FIX_VERSION,PROPORTION_TOTAL,6.667235284095749,7,2.332764715904251,true,4,44,1.0.0,1.0.0
STORM-1472,9,1.0.0,8,0.9.6,9,1.0.0,JIRA_FIX_VERSION,PROPORTION_TOTAL,6.667235284095749,7,2.332764715904251,true,1,1,1.0.0,1.0.0
STORM-1481,,,8,0.9.6,9,1.0.0,JIRA_FIX_VERSION,PROPORTION_TOTAL,6.667235284095749,7,2.332764715904251,true,2,4,,1.0.0 | 0.10.1 | 2.0.0
STORM-1485,,,8,0.9.6,9,1.0.0,JIRA_FIX_VERSION,PROPORTION_TOTAL,6.667235284095749,7,2.332764715904251,true,1,8,,1.0.0
STORM-1499,,,8,0.9.6,9,1.0.0,JIRA_FIX_VERSION,PROPORTION_TOTAL,6.667235284095749,7,2.332764715904251,true,1,1,,1.0.0
STORM-1504,,,8,0.9.6,9,1.0.0,JIRA_FIX_VERSION,PROPORTION_TOTAL,6.667235284095749,7,2.332764715904251,true,2,4,,1.0.0
STORM-1518,,,8,0.9.6,9,1.0.0,JIRA_FIX_VERSION,PROPORTION_TOTAL,6.667235284095749,7,2.332764715904251,true,1,2,,1.0.0
STORM-1521,6,0.9.5,8,0.9.6,26,2.0.0,JIRA_FIX_VERSION,JIRA_AFFECTED_VERSION,,6,,true,1,2,0.10.0 | 0.9.5,2.0.0
STORM-1532,,,8,0.9.6,9,1.0.0,JIRA_FIX_VERSION,PROPORTION_TOTAL,6.667235284095749,7,2.332764715904251,true,2,2,,1.0.0 | 2.0.0
STORM-1533,7,0.10.0,8,0.9.6,9,1.0.0,JIRA_FIX_VERSION,JIRA_AFFECTED_VERSION,,7,,true,2,2,0.10.0,1.0.0
STORM-1534,9,1.0.0,8,0.9.6,9,1.0.0,JIRA_FIX_VERSION,PROPORTION_TOTAL,6.667235284095749,7,2.332764715904251,true,1,1,1.0.0,1.0.0
STORM-1535,6,0.9.5,8,0.9.6,10,0.10.1,JIRA_FIX_VERSION,JIRA_AFFECTED_VERSION,,6,,true,3,3,0.10.0 | 0.9.5,0.10.1 | 2.0.0 | 1.0.1
STORM-1540,9,1.0.0,8,0.9.6,9,1.0.0,JIRA_FIX_VERSION,PROPORTION_TOTAL,6.667235284095749,7,2.332764715904251,true,2,2,1.0.0,1.0.0
STORM-1545,9,1.0.0,8,0.9.6,26,2.0.0,JIRA_FIX_VERSION,PROPORTION_TOTAL,-15.989764886276518,1,2.332764715904251,true,2,3,1.0.0,2.0.0
STORM-1552,9,1.0.0,8,0.9.6,9,1.0.0,JIRA_FIX_VERSION,PROPORTION_TOTAL,6.667235284095749,7,2.332764715904251,true,1,3,1.0.0 | 2.0.0,1.0.0
STORM-1572,,,8,0.9.6,26,2.0.0,JIRA_FIX_VERSION,PROPORTION_TOTAL,-15.989764886276518,1,2.332764715904251,true,1,1,,2.0.0
STORM-1576,9,1.0.0,8,0.9.6,9,1.0.0,JIRA_FIX_VERSION,PROPORTION_TOTAL,6.667235284095749,7,2.332764715904251,true,2,2,1.0.0 | 2.0.0,1.0.0
STORM-1579,26,2.0.0,8,0.9.6,26,2.0.0,JIRA_FIX_VERSION,PROPORTION_TOTAL,-15.989764886276518,1,2.332764715904251,true,1,1,2.0.0,2.0.0
STORM-1592,26,2.0.0,8,0.9.6,26,2.0.0,JIRA_FIX_VERSION,PROPORTION_TOTAL,-15.989764886276518,1,2.332764715904251,true,1,2,2.0.0,2.0.0
STORM-1594,,,8,0.9.6,15,1.0.3,JIRA_FIX_VERSION,PROPORTION_TOTAL,-1.3293530113297578,1,2.332764715904251,true,3,3,,2.0.0 | 1.1.0 | 1.0.3
STORM-1596,7,0.10.0,8,0.9.6,9,1.0.0,JIRA_FIX_VERSION,JIRA_AFFECTED_VERSION,,7,,true,1,4,0.10.0 | 1.0.0 | 0.10.1 | 2.0.0,1.0.0 | 0.10.1 | 2.0.0
STORM-1608,9,1.0.0,8,0.9.6,9,1.0.0,JIRA_FIX_VERSION,PROPORTION_TOTAL,6.667235284095749,7,2.332764715904251,true,1,1,1.0.0 | 2.0.0,1.0.0 | 2.0.0
STORM-1614,,,8,0.9.6,9,1.0.0,JIRA_FIX_VERSION,PROPORTION_TOTAL,6.667235284095749,7,2.332764715904251,true,1,2,,1.0.0 | 2.0.0
STORM-1622,,,8,0.9.6,9,1.0.0,JIRA_FIX_VERSION,PROPORTION_TOTAL,6.667235284095749,7,2.332764715904251,true,1,4,,1.0.0
STORM-1631,,,8,0.9.6,26,2.0.0,JIRA_FIX_VERSION,PROPORTION_TOTAL,-15.989764886276518,1,2.332764715904251,true,1,1,,2.0.0
STORM-1642,7,0.10.0,8,0.9.6,26,2.0.0,JIRA_FIX_VERSION,JIRA_AFFECTED_VERSION,,7,,true,1,6,0.10.0,2.0.0
STORM-1654,9,1.0.0,8,0.9.6,9,1.0.0,JIRA_FIX_VERSION,PROPORTION_TOTAL,6.667235284095749,7,2.332764715904251,true,2,12,1.0.0 | 2.0.0,1.0.0
STORM-1655,9,1.0.0,8,0.9.6,9,1.0.0,JIRA_FIX_VERSION,PROPORTION_TOTAL,6.667235284095749,7,2.332764715904251,true,2,8,1.0.0 | 2.0.0,1.0.0
STORM-1663,26,2.0.0,8,0.9.6,26,2.0.0,JIRA_FIX_VERSION,PROPORTION_TOTAL,-15.989764886276518,1,2.332764715904251,true,1,3,2.0.0,2.0.0
STORM-1668,9,1.0.0,8,0.9.6,9,1.0.0,JIRA_FIX_VERSION,PROPORTION_TOTAL,6.667235284095749,7,2.332764715904251,true,2,10,1.0.0 | 2.0.0,1.0.0
STORM-1669,9,1.0.0,8,0.9.6,9,1.0.0,JIRA_FIX_VERSION,PROPORTION_TOTAL,6.667235284095749,7,2.332764715904251,true,2,8,1.0.0 | 2.0.0,1.0.0 | 2.0.0
STORM-1670,9,1.0.0,8,0.9.6,9,1.0.0,JIRA_FIX_VERSION,PROPORTION_TOTAL,6.667235284095749,7,2.332764715904251,true,2,4,1.0.0 | 2.0.0,1.0.0 | 2.0.0
STORM-1672,26,2.0.0,8,0.9.6,26,2.0.0,JIRA_FIX_VERSION,PROPORTION_TOTAL,-15.989764886276518,1,2.332764715904251,true,1,2,2.0.0,2.0.0
STORM-1674,4,0.9.3,8,0.9.6,12,1.0.2,JIRA_FIX_VERSION,JIRA_AFFECTED_VERSION,,4,,true,3,4,0.9.3 | 0.10.1 | 1.0.1,2.0.0 | 1.0.2 | 1.1.0
STORM-1681,9,1.0.0,8,0.9.6,11,1.0.1,JIRA_FIX_VERSION,PROPORTION_TOTAL,4.001705852287246,5,2.332764715904251,true,2,4,1.0.0 | 2.0.0,2.0.0 | 1.0.1
STORM-1687,9,1.0.0,8,0.9.6,11,1.0.1,JIRA_FIX_VERSION,PROPORTION_TOTAL,4.001705852287246,5,2.332764715904251,true,1,1,1.0.0 | 2.0.0,2.0.0 | 1.0.1
STORM-1693,9,1.0.0,8,0.9.6,11,1.0.1,JIRA_FIX_VERSION,PROPORTION_TOTAL,4.001705852287246,5,2.332764715904251,true,2,15,1.0.0,1.0.1
STORM-1694,,,8,0.9.6,16,1.1.0,JIRA_FIX_VERSION,PROPORTION_TOTAL,-2.6621177272340084,1,2.332764715904251,true,2,2,,2.0.0 | 1.1.0
STORM-1696,9,1.0.0,8,0.9.6,11,1.0.1,JIRA_FIX_VERSION,PROPORTION_TOTAL,4.001705852287246,5,2.332764715904251,true,1,2,1.0.0 | 2.0.0,2.0.0 | 1.0.1
STORM-1713,,,9,1.0.0,12,1.0.2,JIRA_FIX_VERSION,PROPORTION_TOTAL,5.001705852287246,6,2.332764715904251,true,3,3,,2.0.0 | 1.0.2 | 1.1.0
STORM-1714,9,1.0.0,9,1.0.0,11,1.0.1,JIRA_FIX_VERSION,JIRA_AFFECTED_VERSION,,9,,true,4,16,1.0.0 | 2.0.0,1.0.1
STORM-1725,9,1.0.0,9,1.0.0,11,1.0.1,JIRA_FIX_VERSION,JIRA_AFFECTED_VERSION,,9,,true,2,2,1.0.0,1.0.1
STORM-1728,9,1.0.0,9,1.0.0,12,1.0.2,JIRA_FIX_VERSION,JIRA_AFFECTED_VERSION,,9,,true,3,6,1.0.0,2.0.0 | 1.0.2 | 1.1.0
STORM-1730,9,1.0.0,9,1.0.0,15,1.0.3,JIRA_FIX_VERSION,JIRA_AFFECTED_VERSION,,9,,true,3,6,1.0.0,2.0.0 | 1.1.0 | 1.0.3
STORM-1737,,,9,1.0.0,16,1.1.0,JIRA_FIX_VERSION,PROPORTION_TOTAL,-0.3293530113297578,1,2.332764715904251,true,2,6,,2.0.0 | 1.1.0
STORM-1750,7,0.10.0,9,1.0.0,12,1.0.2,JIRA_FIX_VERSION,JIRA_AFFECTED_VERSION,,7,,true,1,1,0.10.0 | 1.0.0 | 2.0.0,2.0.0 | 0.10.2 | 1.0.2 | 1.1.0
STORM-1771,,,11,1.0.1,12,1.0.2,JIRA_FIX_VERSION,PROPORTION_TOTAL,9.66723528409575,10,2.332764715904251,true,3,3,,2.0.0 | 1.0.2 | 1.1.0
STORM-1837,9,1.0.0,11,1.0.1,16,1.1.0,JIRA_FIX_VERSION,JIRA_AFFECTED_VERSION,,9,,true,4,6,1.0.0 | 2.0.0 | 1.0.1,2.0.0 | 1.1.0
STORM-1848,11,1.0.1,11,1.0.1,12,1.0.2,JIRA_FIX_VERSION,JIRA_AFFECTED_VERSION,,11,,true,6,12,2.0.0 | 1.0.1,2.0.0 | 1.0.2 | 1.1.0
STORM-1853,9,1.0.0,11,1.0.1,12,1.0.2,JIRA_FIX_VERSION,JIRA_AFFECTED_VERSION,,9,,true,3,3,1.0.0,2.0.0 | 1.0.2 | 1.1.0
STORM-1864,,,11,1.0.1,12,1.0.2,JIRA_FIX_VERSION,PROPORTION_TOTAL,9.66723528409575,10,2.332764715904251,true,3,21,,2.0.0 | 1.0.2 | 1.1.0
STORM-1872,9,1.0.0,11,1.0.1,16,1.1.0,JIRA_FIX_VERSION,JIRA_AFFECTED_VERSION,,9,,true,2,6,1.0.0 | 1.0.1 | 0.10.2,2.0.0 | 1.1.0
STORM-188,,,1,0.9.0.1,7,0.10.0,JIRA_FIX_VERSION,PROPORTION_TOTAL,-6.996588295425507,1,2.332764715904251,true,1,20,,0.10.0
STORM-1884,,,11,1.0.1,12,1.0.2,JIRA_FIX_VERSION,PROPORTION_TOTAL,9.66723528409575,10,2.332764715904251,true,3,3,,2.0.0 | 1.0.2 | 1.1.0
STORM-1906,11,1.0.1,11,1.0.1,15,1.0.3,JIRA_FIX_VERSION,JIRA_AFFECTED_VERSION,,11,,true,3,3,2.0.0 | 1.0.1,2.0.0 | 1.1.0 | 1.0.3
STORM-1907,16,1.1.0,11,1.0.1,16,1.1.0,JIRA_FIX_VERSION,PROPORTION_TOTAL,4.336176420478745,5,2.332764715904251,true,2,6,1.1.0,2.0.0 | 1.1.0
STORM-1928,,,11,1.0.1,12,1.0.2,JIRA_FIX_VERSION,PROPORTION_TOTAL,9.66723528409575,10,2.332764715904251,true,5,30,,2.0.0 | 0.10.2 | 1.0.2 | 1.1.0 | 0.9.7
STORM-1934,9,1.0.0,11,1.0.1,12,1.0.2,JIRA_FIX_VERSION,JIRA_AFFECTED_VERSION,,9,,true,1,9,1.0.0 | 2.0.0 | 1.0.1,2.0.0 | 1.0.2 | 1.1.0
STORM-1937,9,1.0.0,11,1.0.1,12,1.0.2,JIRA_FIX_VERSION,JIRA_AFFECTED_VERSION,,9,,true,3,3,1.0.0 | 1.0.1,2.0.0 | 1.0.2 | 1.1.0
STORM-1939,11,1.0.1,11,1.0.1,12,1.0.2,JIRA_FIX_VERSION,JIRA_AFFECTED_VERSION,,11,,true,3,6,1.0.1,2.0.0 | 1.0.2 | 1.1.0
STORM-1945,16,1.1.0,11,1.0.1,16,1.1.0,JIRA_FIX_VERSION,PROPORTION_TOTAL,4.336176420478745,5,2.332764715904251,true,2,2,2.0.0 | 1.1.0,2.0.0 | 1.1.0
STORM-1954,,,11,1.0.1,26,2.0.0,JIRA_FIX_VERSION,PROPORTION_TOTAL,-8.991470738563763,1,2.332764715904251,true,1,1,,2.0.0
STORM-1964,11,1.0.1,11,1.0.1,12,1.0.2,JIRA_FIX_VERSION,JIRA_AFFECTED_VERSION,,11,,true,1,10,1.0.1,2.0.0 | 1.0.2 | 1.1.0
STORM-1977,9,1.0.0,11,1.0.1,12,1.0.2,JIRA_FIX_VERSION,JIRA_AFFECTED_VERSION,,9,,true,1,5,1.0.0 | 1.0.1,2.0.0 | 1.0.2 | 1.1.0
STORM-1997,9,1.0.0,11,1.0.1,16,1.1.0,GIT_CONTAINMENT,JIRA_AFFECTED_VERSION,,9,,true,2,82,1.0.0,
STORM-2017,11,1.0.1,11,1.0.1,15,1.0.3,JIRA_FIX_VERSION,JIRA_AFFECTED_VERSION,,11,,true,3,3,1.0.1 | 1.0.3,2.0.0 | 1.1.0 | 1.0.3
STORM-2020,26,2.0.0,11,1.0.1,26,2.0.0,JIRA_FIX_VERSION,PROPORTION_TOTAL,-8.991470738563763,1,2.332764715904251,true,2,2,2.0.0,2.0.0
STORM-2026,26,2.0.0,11,1.0.1,26,2.0.0,JIRA_FIX_VERSION,PROPORTION_TOTAL,-8.991470738563763,1,2.332764715904251,true,1,3,2.0.0,2.0.0
STORM-2028,26,2.0.0,11,1.0.1,26,2.0.0,JIRA_FIX_VERSION,PROPORTION_TOTAL,-8.991470738563763,1,2.332764715904251,true,1,2,2.0.0,2.0.0
STORM-2032,26,2.0.0,12,1.0.2,15,1.0.3,JIRA_FIX_VERSION,PROPORTION_TOTAL,8.001705852287246,9,2.332764715904251,true,3,3,2.0.0,2.0.0 | 1.1.0 | 1.0.3
STORM-2042,,,12,1.0.2,15,1.0.3,JIRA_FIX_VERSION,PROPORTION_TOTAL,8.001705852287246,9,2.332764715904251,true,4,31,,2.0.0 | 1.1.0 | 1.0.3 | 0.10.3
STORM-2052,15,1.0.3,12,1.0.2,15,1.0.3,JIRA_FIX_VERSION,PROPORTION_TOTAL,8.001705852287246,9,2.332764715904251,true,3,9,1.1.0 | 1.0.3 | 1.x,2.0.0 | 1.1.0 | 1.0.3
STORM-2054,16,1.1.0,12,1.0.2,16,1.1.0,JIRA_FIX_VERSION,PROPORTION_TOTAL,6.668941136382996,7,2.332764715904251,true,2,8,1.1.0,2.0.0 | 1.1.0
STORM-2064,,,12,1.0.2,15,1.0.3,JIRA_FIX_VERSION,PROPORTION_TOTAL,8.001705852287246,9,2.332764715904251,true,1,2,,2.0.0 | 1.1.0 | 1.0.3
STORM-2066,,,12,1.0.2,16,1.1.0,JIRA_FIX_VERSION,PROPORTION_TOTAL,6.668941136382996,7,2.332764715904251,true,2,2,,2.0.0 | 1.1.0
STORM-2074,,,12,1.0.2,16,1.1.0,JIRA_FIX_VERSION,PROPORTION_TOTAL,6.668941136382996,7,2.332764715904251,true,2,2,,2.0.0 | 1.1.0
STORM-2079,,,12,1.0.2,15,1.0.3,JIRA_FIX_VERSION,PROPORTION_TOTAL,8.001705852287246,9,2.332764715904251,true,3,3,,2.0.0 | 1.1.0 | 1.0.3
STORM-2087,12,1.0.2,13,0.9.7,16,1.1.0,JIRA_FIX_VERSION,JIRA_AFFECTED_VERSION,,12,,true,2,8,2.0.0 | 1.0.2,2.0.0 | 1.1.0
STORM-2095,9,1.0.0,14,0.10.2,15,1.0.3,JIRA_FIX_VERSION,JIRA_AFFECTED_VERSION,,9,,true,3,6,1.0.0 | 1.0.1 | 1.0.2 | 1.1.0 | 1.0.3,2.0.0 | 1.1.0 | 1.0.3
STORM-2098,,,14,0.10.2,16,1.1.0,JIRA_FIX_VERSION,PROPORTION_TOTAL,11.334470568191499,12,2.332764715904251,true,2,2,,2.0.0 | 1.1.0
STORM-2104,16,1.1.0,14,0.10.2,16,1.1.0,JIRA_FIX_VERSION,PROPORTION_TOTAL,11.334470568191499,12,2.332764715904251,true,3,10,2.0.0 | 1.1.0,2.0.0 | 1.1.0 | 1.0.4
STORM-2109,26,2.0.0,14,0.10.2,16,1.1.0,JIRA_FIX_VERSION,PROPORTION_TOTAL,11.334470568191499,12,2.332764715904251,true,2,2,2.0.0,2.0.0 | 1.1.0
STORM-2110,26,2.0.0,14,0.10.2,16,1.1.0,JIRA_FIX_VERSION,PROPORTION_TOTAL,11.334470568191499,12,2.332764715904251,true,2,2,2.0.0,2.0.0 | 1.1.0
STORM-2117,,,14,0.10.2,16,1.1.0,JIRA_FIX_VERSION,PROPORTION_TOTAL,11.334470568191499,12,2.332764715904251,true,2,2,,2.0.0 | 1.1.0
STORM-2118,26,2.0.0,14,0.10.2,16,1.1.0,JIRA_FIX_VERSION,PROPORTION_TOTAL,11.334470568191499,12,2.332764715904251,true,2,3,2.0.0 | 1.x,2.0.0 | 1.1.0
STORM-2126,,,14,0.10.2,16,1.1.0,JIRA_FIX_VERSION,PROPORTION_TOTAL,11.334470568191499,12,2.332764715904251,true,2,20,,2.0.0 | 1.1.0
STORM-2131,,,14,0.10.2,16,1.1.0,JIRA_FIX_VERSION,PROPORTION_TOTAL,11.334470568191499,12,2.332764715904251,true,1,2,,2.0.0 | 1.1.0
STORM-2144,26,2.0.0,14,0.10.2,16,1.1.0,JIRA_FIX_VERSION,PROPORTION_TOTAL,11.334470568191499,12,2.332764715904251,true,2,4,2.0.0 | 1.x,2.0.0 | 1.1.0
STORM-2171,26,2.0.0,14,0.10.2,26,2.0.0,JIRA_FIX_VERSION,PROPORTION_TOTAL,-1.9931765908510144,1,2.332764715904251,true,4,38,2.0.0,2.0.0
STORM-2175,16,1.1.0,14,0.10.2,15,1.0.3,JIRA_FIX_VERSION,PROPORTION_TOTAL,12.66723528409575,13,2.332764715904251,true,8,25,2.0.0 | 1.1.0,2.0.0 | 1.1.0 | 1.0.3
STORM-2184,,,14,0.10.2,15,1.0.3,JIRA_FIX_VERSION,PROPORTION_TOTAL,12.66723528409575,13,2.332764715904251,true,3,3,,2.0.0 | 1.1.0 | 1.0.3
STORM-2185,,,14,0.10.2,15,1.0.3,JIRA_FIX_VERSION,PROPORTION_TOTAL,12.66723528409575,13,2.332764715904251,true,3,3,,2.0.0 | 1.1.0 | 1.0.3
STORM-2189,,,14,0.10.2,15,1.0.3,JIRA_FIX_VERSION,PROPORTION_TOTAL,12.66723528409575,13,2.332764715904251,true,3,3,,2.0.0 | 1.1.0 | 1.0.3
STORM-2190,7,0.10.0,14,0.10.2,16,1.1.0,JIRA_FIX_VERSION,JIRA_AFFECTED_VERSION,,7,,true,1,3,0.10.0 | 1.0.0 | 2.0.0,2.0.0 | 1.1.0
STORM-2193,26,2.0.0,14,0.10.2,26,2.0.0,JIRA_FIX_VERSION,PROPORTION_TOTAL,-1.9931765908510144,1,2.332764715904251,true,1,2,2.0.0,2.0.0
STORM-2196,,,14,0.10.2,15,1.0.3,JIRA_FIX_VERSION,PROPORTION_TOTAL,12.66723528409575,13,2.332764715904251,true,3,3,,2.0.0 | 1.1.0 | 1.0.3
STORM-2197,26,2.0.0,14,0.10.2,15,1.0.3,JIRA_FIX_VERSION,PROPORTION_TOTAL,12.66723528409575,13,2.332764715904251,true,3,6,2.0.0 | 1.x,2.0.0 | 1.1.0 | 1.0.3
STORM-2198,8,0.9.6,14,0.10.2,15,1.0.3,JIRA_FIX_VERSION,JIRA_AFFECTED_VERSION,,8,,true,3,5,1.0.0 | 0.9.6 | 1.0.1 | 1.0.2,2.0.0 | 1.1.0 | 1.0.3
STORM-2205,15,1.0.3,14,0.10.2,15,1.0.3,JIRA_FIX_VERSION,PROPORTION_TOTAL,12.66723528409575,13,2.332764715904251,true,1,2,2.0.0 | 1.0.3 | 1.x,2.0.0 | 1.1.0 | 1.0.3
STORM-2208,12,1.0.2,14,0.10.2,15,1.0.3,JIRA_FIX_VERSION,JIRA_AFFECTED_VERSION,,12,,true,3,12,1.0.2 | 1.1.0 | 1.x,2.0.0 | 1.1.0 | 1.0.3
STORM-2210,12,1.0.2,14,0.10.2,15,1.0.3,JIRA_FIX_VERSION,JIRA_AFFECTED_VERSION,,12,,true,2,4,1.0.2,2.0.0 | 1.1.0 | 1.0.3
STORM-2226,26,2.0.0,14,0.10.2,16,1.1.0,JIRA_FIX_VERSION,PROPORTION_TOTAL,11.334470568191499,12,2.332764715904251,true,2,4,2.0.0 | 1.x,2.0.0 | 1.1.0
STORM-2228,9,1.0.0,14,0.10.2,16,1.1.0,JIRA_FIX_VERSION,JIRA_AFFECTED_VERSION,,9,,true,2,82,1.0.0 | 2.0.0 | 1.0.1 | 1.0.2 | 1.1.0 | 1.0.3,2.0.0 | 1.1.0
STORM-2231,11,1.0.1,14,0.10.2,19,1.0.5,JIRA_FIX_VERSION,JIRA_AFFECTED_VERSION,,11,,true,1,1,1.0.1 | 1.1.0,2.0.0 | 1.2.0 | 1.1.2 | 1.0.5
STORM-2239,16,1.1.0,14,0.10.2,16,1.1.0,JIRA_FIX_VERSION,PROPORTION_TOTAL,11.334470568191499,12,2.332764715904251,true,2,4,2.0.0 | 1.1.0,2.0.0 | 1.1.0
STORM-2240,26,2.0.0,14,0.10.2,16,1.1.0,JIRA_FIX_VERSION,PROPORTION_TOTAL,11.334470568191499,12,2.332764715904251,true,2,4,2.0.0,2.0.0 | 1.1.0
STORM-2246,,,14,0.10.2,15,1.0.3,JIRA_FIX_VERSION,PROPORTION_TOTAL,12.66723528409575,13,2.332764715904251,true,1,1,,2.0.0 | 1.1.0 | 1.0.3
STORM-2256,,,14,0.10.2,16,1.1.0,JIRA_FIX_VERSION,PROPORTION_TOTAL,11.334470568191499,12,2.332764715904251,true,1,1,,1.1.0
STORM-2264,15,1.0.3,14,0.10.2,15,1.0.3,JIRA_FIX_VERSION,PROPORTION_TOTAL,12.66723528409575,13,2.332764715904251,true,3,3,2.0.0 | 1.1.0 | 1.0.3,2.0.0 | 1.1.0 | 1.0.3
STORM-2266,,,14,0.10.2,16,1.1.0,JIRA_FIX_VERSION,PROPORTION_TOTAL,11.334470568191499,12,2.332764715904251,true,4,18,,2.0.0 | 1.1.0
STORM-2267,16,1.1.0,14,0.10.2,16,1.1.0,JIRA_FIX_VERSION,PROPORTION_TOTAL,11.334470568191499,12,2.332764715904251,true,2,5,2.0.0 | 1.1.0,2.0.0 | 1.1.0
STORM-2272,26,2.0.0,14,0.10.2,26,2.0.0,JIRA_FIX_VERSION,PROPORTION_TOTAL,-1.9931765908510144,1,2.332764715904251,true,1,1,2.0.0,2.0.0
STORM-2275,26,2.0.0,14,0.10.2,26,2.0.0,JIRA_FIX_VERSION,PROPORTION_TOTAL,-1.9931765908510144,1,2.332764715904251,true,1,1,2.0.0,2.0.0
STORM-2279,26,2.0.0,14,0.10.2,26,2.0.0,JIRA_FIX_VERSION,PROPORTION_TOTAL,-1.9931765908510144,1,2.332764715904251,true,2,5,2.0.0,2.0.0
STORM-2281,9,1.0.0,14,0.10.2,16,1.1.0,JIRA_FIX_VERSION,JIRA_AFFECTED_VERSION,,9,,true,2,20,1.0.0,2.0.0 | 1.1.0
STORM-2283,16,1.1.0,14,0.10.2,15,1.0.3,JIRA_FIX_VERSION,PROPORTION_TOTAL,12.66723528409575,13,2.332764715904251,true,3,5,2.0.0 | 1.1.0,2.0.0 | 1.1.0 | 1.0.3
STORM-2293,12,1.0.2,14,0.10.2,15,1.0.3,JIRA_FIX_VERSION,JIRA_AFFECTED_VERSION,,12,,true,3,12,2.0.0 | 1.0.2 | 1.1.0,2.0.0 | 1.1.0 | 1.0.3
STORM-2295,,,14,0.10.2,16,1.1.0,JIRA_FIX_VERSION,PROPORTION_TOTAL,11.334470568191499,12,2.332764715904251,true,2,4,1.x,2.0.0 | 1.1.0
STORM-2303,16,1.1.0,14,0.10.2,16,1.1.0,JIRA_FIX_VERSION,PROPORTION_TOTAL,11.334470568191499,12,2.332764715904251,true,2,6,2.0.0 | 1.1.0,2.0.0 | 1.1.0
STORM-2305,26,2.0.0,14,0.10.2,26,2.0.0,JIRA_FIX_VERSION,PROPORTION_TOTAL,-1.9931765908510144,1,2.332764715904251,true,1,5,2.0.0,2.0.0
STORM-2321,9,1.0.0,14,0.10.2,15,1.0.3,JIRA_FIX_VERSION,JIRA_AFFECTED_VERSION,,9,,true,3,17,1.0.0 | 2.0.0 | 1.0.1 | 1.0.2 | 1.1.0,2.0.0 | 1.1.0 | 1.0.3
STORM-2323,,,14,0.10.2,16,1.1.0,JIRA_FIX_VERSION,PROPORTION_TOTAL,11.334470568191499,12,2.332764715904251,true,2,3,,2.0.0 | 1.1.0
STORM-2324,,,14,0.10.2,15,1.0.3,JIRA_FIX_VERSION,PROPORTION_TOTAL,12.66723528409575,13,2.332764715904251,true,3,3,,2.0.0 | 1.1.0 | 1.0.3
STORM-2325,,,14,0.10.2,15,1.0.3,JIRA_FIX_VERSION,PROPORTION_TOTAL,12.66723528409575,13,2.332764715904251,true,3,6,,2.0.0 | 1.1.0 | 1.0.3
STORM-2330,,,14,0.10.2,16,1.1.0,JIRA_FIX_VERSION,PROPORTION_TOTAL,11.334470568191499,12,2.332764715904251,true,2,8,,2.0.0 | 1.1.0
STORM-2343,16,1.1.0,14,0.10.2,18,1.1.1,JIRA_FIX_VERSION,PROPORTION_TOTAL,8.668941136382996,9,2.332764715904251,true,3,39,2.0.0 | 1.1.0,2.0.0 | 1.1.1 | 1.2.0
STORM-2345,15,1.0.3,14,0.10.2,16,1.1.0,JIRA_FIX_VERSION,PROPORTION_TOTAL,11.334470568191499,12,2.332764715904251,true,3,3,2.0.0 | 1.0.3 | 1.x,2.0.0 | 1.1.0 | 1.0.4
STORM-2350,9,1.0.0,14,0.10.2,16,1.1.0,JIRA_FIX_VERSION,JIRA_AFFECTED_VERSION,,9,,true,3,3,1.0.0 | 2.0.0,2.0.0 | 1.1.0 | 1.0.4
STORM-2357,,,15,1.0.3,22,1.2.0,JIRA_FIX_VERSION,PROPORTION_TOTAL,5.670646988670242,6,2.332764715904251,true,2,29,,2.0.0 | 1.2.0
STORM-2374,16,1.1.0,15,1.0.3,16,1.1.0,JIRA_FIX_VERSION,PROPORTION_TOTAL,13.66723528409575,14,2.332764715904251,true,2,2,2.0.0 | 1.1.0,2.0.0 | 1.1.0
STORM-2386,15,1.0.3,15,1.0.3,16,1.1.0,JIRA_FIX_VERSION,JIRA_AFFECTED_VERSION,,15,,true,3,3,2.0.0 | 1.1.0 | 1.0.3,2.0.0 | 1.1.0 | 1.0.4
STORM-2387,,,15,1.0.3,16,1.1.0,JIRA_FIX_VERSION,PROPORTION_TOTAL,13.66723528409575,14,2.332764715904251,true,3,105,,2.0.0 | 1.1.0 | 1.0.4
STORM-2388,16,1.1.0,15,1.0.3,16,1.1.0,JIRA_FIX_VERSION,PROPORTION_TOTAL,13.66723528409575,14,2.332764715904251,true,1,1,1.1.0,1.1.0
STORM-2389,16,1.1.0,15,1.0.3,16,1.1.0,JIRA_FIX_VERSION,PROPORTION_TOTAL,13.66723528409575,14,2.332764715904251,true,1,1,1.1.0,2.0.0 | 1.1.0 | 1.0.4
STORM-2400,,,15,1.0.3,16,1.1.0,JIRA_FIX_VERSION,PROPORTION_TOTAL,13.66723528409575,14,2.332764715904251,true,2,6,,2.0.0 | 1.1.0
STORM-2407,26,2.0.0,15,1.0.3,16,1.1.0,JIRA_FIX_VERSION,PROPORTION_TOTAL,13.66723528409575,14,2.332764715904251,true,2,26,2.0.0 | 1.x,2.0.0 | 1.1.0
STORM-2409,26,2.0.0,15,1.0.3,16,1.1.0,JIRA_FIX_VERSION,PROPORTION_TOTAL,13.66723528409575,14,2.332764715904251,true,2,24,2.0.0 | 1.x,2.0.0 | 1.1.0
STORM-2412,,,15,1.0.3,16,1.1.0,JIRA_FIX_VERSION,PROPORTION_TOTAL,13.66723528409575,14,2.332764715904251,true,1,1,,2.0.0 | 1.1.0
STORM-2413,,,15,1.0.3,18,1.1.1,JIRA_FIX_VERSION,PROPORTION_TOTAL,11.001705852287246,12,2.332764715904251,true,3,11,,2.0.0 | 1.1.1 | 1.2.0
STORM-2414,16,1.1.0,15,1.0.3,16,1.1.0,JIRA_FIX_VERSION,PROPORTION_TOTAL,13.66723528409575,14,2.332764715904251,true,3,3,2.0.0 | 1.1.0 | 1.0.4,2.0.0 | 1.1.0 | 1.0.4
STORM-2422,,,15,1.0.3,26,2.0.0,JIRA_FIX_VERSION,PROPORTION_TOTAL,0.33958812505323976,1,2.332764715904251,true,1,3,,2.0.0
STORM-2423,26,2.0.0,15,1.0.3,16,1.1.0,JIRA_FIX_VERSION,PROPORTION_TOTAL,13.66723528409575,14,2.332764715904251,true,2,2,2.0.0 | 1.x,2.0.0 | 1.1.0
STORM-2425,26,2.0.0,15,1.0.3,16,1.1.0,JIRA_FIX_VERSION,PROPORTION_TOTAL,13.66723528409575,14,2.332764715904251,true,2,4,2.0.0 | 1.x,2.0.0 | 1.1.0
STORM-2432,,,15,1.0.3,18,1.1.1,JIRA_FIX_VERSION,PROPORTION_TOTAL,11.001705852287246,12,2.332764715904251,true,3,3,1.x,2.0.0 | 1.1.1 | 1.2.0
STORM-2443,26,2.0.0,16,1.1.0,26,2.0.0,JIRA_FIX_VERSION,PROPORTION_TOTAL,2.6723528409574904,3,2.332764715904251,true,1,2,2.0.0,2.0.0
STORM-2445,26,2.0.0,16,1.1.0,26,2.0.0,JIRA_FIX_VERSION,PROPORTION_TOTAL,2.6723528409574904,3,2.332764715904251,true,1,1,2.0.0,2.0.0
STORM-2449,16,1.1.0,16,1.1.0,18,1.1.1,JIRA_FIX_VERSION,JIRA_AFFECTED_VERSION,,16,,true,3,3,2.0.0 | 1.1.0,2.0.0 | 1.1.1 | 1.2.0
STORM-2450,15,1.0.3,16,1.1.0,17,1.0.4,JIRA_FIX_VERSION,JIRA_AFFECTED_VERSION,,15,,true,4,4,2.0.0 | 1.1.0 | 1.0.3,2.0.0 | 1.0.4 | 1.1.1 | 1.2.0
STORM-2454,,,16,1.1.0,26,2.0.0,JIRA_FIX_VERSION,PROPORTION_TOTAL,2.6723528409574904,3,2.332764715904251,true,1,1,,2.0.0
STORM-2467,16,1.1.0,16,1.1.0,18,1.1.1,JIRA_FIX_VERSION,JIRA_AFFECTED_VERSION,,16,,true,3,3,1.1.0,2.0.0 | 1.1.1 | 1.2.0
STORM-2475,9,1.0.0,16,1.1.0,26,2.0.0,JIRA_FIX_VERSION,JIRA_AFFECTED_VERSION,,9,,true,1,5,1.0.0 | 2.0.0,2.0.0
STORM-2478,,,16,1.1.0,18,1.1.1,JIRA_FIX_VERSION,PROPORTION_TOTAL,13.334470568191499,14,2.332764715904251,true,3,6,,2.0.0 | 1.1.1 | 1.2.0
STORM-2479,,,16,1.1.0,26,2.0.0,JIRA_FIX_VERSION,PROPORTION_TOTAL,2.6723528409574904,3,2.332764715904251,true,1,11,,2.0.0
STORM-2483,15,1.0.3,16,1.1.0,29,2.2.0,JIRA_FIX_VERSION,JIRA_AFFECTED_VERSION,,15,,true,4,6,2.0.0 | 1.0.3 | 1.2.3 | 2.1.0,1.2.4 | 2.2.0 | 2.1.1
STORM-2489,12,1.0.2,16,1.1.0,18,1.1.1,JIRA_FIX_VERSION,JIRA_AFFECTED_VERSION,,12,,true,3,10,1.0.2,2.0.0 | 1.1.1 | 1.2.0
STORM-2496,16,1.1.0,16,1.1.0,18,1.1.1,JIRA_FIX_VERSION,JIRA_AFFECTED_VERSION,,16,,true,3,6,2.0.0 | 1.1.0,2.0.0 | 1.1.1 | 1.2.0
STORM-2503,,,16,1.1.0,18,1.1.1,JIRA_FIX_VERSION,PROPORTION_TOTAL,13.334470568191499,14,2.332764715904251,true,6,13,,2.0.0 | 1.1.1 | 1.2.0
STORM-2505,,,16,1.1.0,18,1.1.1,JIRA_FIX_VERSION,PROPORTION_TOTAL,13.334470568191499,14,2.332764715904251,true,4,20,1.x,2.0.0 | 1.1.1 | 1.2.0
STORM-2511,26,2.0.0,16,1.1.0,17,1.0.4,JIRA_FIX_VERSION,PROPORTION_TOTAL,14.66723528409575,15,2.332764715904251,true,4,4,2.0.0 | 1.x,2.0.0 | 1.0.4 | 1.1.1 | 1.2.0
STORM-2516,26,2.0.0,16,1.1.0,18,1.1.1,JIRA_FIX_VERSION,PROPORTION_TOTAL,13.334470568191499,14,2.332764715904251,true,3,9,2.0.0,2.0.0 | 1.1.1 | 1.2.0
STORM-2517,16,1.1.0,16,1.1.0,22,1.2.0,JIRA_FIX_VERSION,JIRA_AFFECTED_VERSION,,16,,true,2,5,1.1.0,2.0.0 | 1.2.0
STORM-2518,18,1.1.1,16,1.1.0,18,1.1.1,JIRA_FIX_VERSION,PROPORTION_TOTAL,13.334470568191499,14,2.332764715904251,true,3,3,2.0.0 | 1.1.1,2.0.0 | 1.1.1 | 1.2.0
STORM-2520,22,1.2.0,16,1.1.0,22,1.2.0,JIRA_FIX_VERSION,PROPORTION_TOTAL,8.003411704574493,9,2.332764715904251,true,2,2,2.0.0 | 1.2.0,2.0.0 | 1.2.0
STORM-2525,26,2.0.0,16,1.1.0,21,1.1.2,JIRA_FIX_VERSION,PROPORTION_TOTAL,9.336176420478745,10,2.332764715904251,true,3,25,2.0.0,2.0.0 | 1.2.0 | 1.1.2
STORM-2526,,,16,1.1.0,26,2.0.0,JIRA_FIX_VERSION,PROPORTION_TOTAL,2.6723528409574904,3,2.332764715904251,true,1,1,,2.0.0
STORM-2532,26,2.0.0,16,1.1.0,26,2.0.0,JIRA_FIX_VERSION,PROPORTION_TOTAL,2.6723528409574904,3,2.332764715904251,true,1,4,2.0.0,2.0.0
STORM-2541,16,1.1.0,16,1.1.0,21,1.1.2,JIRA_FIX_VERSION,JIRA_AFFECTED_VERSION,,16,,true,3,11,2.0.0 | 1.1.0 | 1.1.1,2.0.0 | 1.2.0 | 1.1.2
STORM-2544,16,1.1.0,16,1.1.0,18,1.1.1,JIRA_FIX_VERSION,JIRA_AFFECTED_VERSION,,16,,true,3,3,1.1.0,2.0.0 | 1.1.1 | 1.2.0
STORM-2546,16,1.1.0,16,1.1.0,22,1.2.0,JIRA_FIX_VERSION,JIRA_AFFECTED_VERSION,,16,,true,2,6,2.0.0 | 1.1.0,2.0.0 | 1.2.0
STORM-2549,16,1.1.0,16,1.1.0,22,1.2.0,JIRA_FIX_VERSION,JIRA_AFFECTED_VERSION,,16,,true,2,24,2.0.0 | 1.1.0,2.0.0 | 1.2.0
STORM-2552,,,16,1.1.0,18,1.1.1,JIRA_FIX_VERSION,PROPORTION_TOTAL,13.334470568191499,14,2.332764715904251,true,3,8,,2.0.0 | 1.1.1 | 1.2.0
STORM-2555,,,16,1.1.0,22,1.2.0,JIRA_FIX_VERSION,PROPORTION_TOTAL,8.003411704574493,9,2.332764715904251,true,2,10,,2.0.0 | 1.2.0
STORM-2557,,,16,1.1.0,18,1.1.1,JIRA_FIX_VERSION,PROPORTION_TOTAL,13.334470568191499,14,2.332764715904251,true,5,8,,2.0.0 | 1.1.1 | 1.2.0
STORM-2562,,,16,1.1.0,18,1.1.1,JIRA_FIX_VERSION,PROPORTION_TOTAL,13.334470568191499,14,2.332764715904251,true,3,3,,2.0.0 | 1.1.1 | 1.2.0
STORM-2563,,,16,1.1.0,18,1.1.1,JIRA_FIX_VERSION,PROPORTION_TOTAL,13.334470568191499,14,2.332764715904251,true,3,3,,2.0.0 | 1.1.1 | 1.2.0
STORM-2568,16,1.1.0,16,1.1.0,18,1.1.1,JIRA_FIX_VERSION,JIRA_AFFECTED_VERSION,,16,,true,2,2,1.1.0,1.1.1 | 1.2.0
STORM-2599,22,1.2.0,16,1.1.0,22,1.2.0,JIRA_FIX_VERSION,PROPORTION_TOTAL,8.003411704574493,9,2.332764715904251,true,2,3,2.0.0 | 1.2.0,2.0.0 | 1.2.0
STORM-260,3,0.9.2-incubating,2,0.9.1-incubating,3,0.9.2-incubating,JIRA_FIX_VERSION,PROPORTION_TOTAL,0.667235284095749,1,2.332764715904251,true,1,2,0.9.2-incubating,0.9.2-incubating
STORM-2602,,,16,1.1.0,18,1.1.1,JIRA_FIX_VERSION,PROPORTION_TOTAL,13.334470568191499,14,2.332764715904251,true,3,6,,2.0.0 | 1.1.1 | 1.2.0
STORM-2607,18,1.1.1,16,1.1.0,21,1.1.2,JIRA_FIX_VERSION,PROPORTION_TOTAL,9.336176420478745,10,2.332764715904251,true,6,33,2.0.0 | 1.1.1,2.0.0 | 1.2.0 | 1.1.2
STORM-2608,7,0.10.0,16,1.1.0,18,1.1.1,JIRA_FIX_VERSION,JIRA_AFFECTED_VERSION,,7,,true,3,3,0.10.0 | 1.0.4 | 1.1.1,2.0.0 | 1.1.1 | 1.2.0
STORM-2621,18,1.1.1,16,1.1.0,18,1.1.1,JIRA_FIX_VERSION,PROPORTION_TOTAL,13.334470568191499,14,2.332764715904251,true,3,3,2.0.0 | 1.1.1 | 1.2.0,2.0.0 | 1.1.1 | 1.2.0
STORM-2627,,,16,1.1.0,17,1.0.4,JIRA_FIX_VERSION,PROPORTION_TOTAL,14.66723528409575,15,2.332764715904251,true,4,7,,2.0.0 | 1.0.4 | 1.1.1 | 1.2.0
STORM-2635,26,2.0.0,16,1.1.0,26,2.0.0,JIRA_FIX_VERSION,PROPORTION_TOTAL,2.6723528409574904,3,2.332764715904251,true,1,1,2.0.0,2.0.0
STORM-2639,16,1.1.0,16,1.1.0,18,1.1.1,JIRA_FIX_VERSION,JIRA_AFFECTED_VERSION,,16,,true,2,2,1.1.0,2.0.0 | 1.1.1 | 1.2.0
STORM-2642,16,1.1.0,16,1.1.0,21,1.1.2,JIRA_FIX_VERSION,JIRA_AFFECTED_VERSION,,16,,true,3,6,2.0.0 | 1.1.0,2.0.0 | 1.2.0 | 1.1.2
STORM-2652,16,1.1.0,16,1.1.0,18,1.1.1,JIRA_FIX_VERSION,JIRA_AFFECTED_VERSION,,16,,true,3,7,2.0.0 | 1.1.0,2.0.0 | 1.1.1 | 1.2.0
STORM-2655,,,16,1.1.0,26,2.0.0,JIRA_FIX_VERSION,PROPORTION_TOTAL,2.6723528409574904,3,2.332764715904251,true,1,4,,2.0.0
STORM-2660,16,1.1.0,16,1.1.0,19,1.0.5,JIRA_FIX_VERSION,JIRA_AFFECTED_VERSION,,16,,true,4,18,2.0.0 | 1.1.0 | 1.0.4,2.0.0 | 1.2.0 | 1.1.2 | 1.0.5
STORM-2666,9,1.0.0,18,1.1.1,21,1.1.2,JIRA_FIX_VERSION,JIRA_AFFECTED_VERSION,,9,,true,3,31,1.0.0 | 2.0.0 | 1.1.0 | 1.1.1 | 1.2.0,2.0.0 | 1.2.0 | 1.1.2
STORM-2674,,,18,1.1.1,19,1.0.5,JIRA_FIX_VERSION,PROPORTION_TOTAL,16.66723528409575,17,2.332764715904251,true,4,4,,2.0.0 | 1.2.0 | 1.1.2 | 1.0.5
STORM-2675,16,1.1.0,18,1.1.1,22,1.2.0,JIRA_FIX_VERSION,JIRA_AFFECTED_VERSION,,16,,true,2,35,1.1.0,2.0.0 | 1.2.0
STORM-2676,,,18,1.1.1,26,2.0.0,JIRA_FIX_VERSION,PROPORTION_TOTAL,7.337882272765992,8,2.332764715904251,true,1,1,,2.0.0
STORM-2678,,,18,1.1.1,26,2.0.0,JIRA_FIX_VERSION,PROPORTION_TOTAL,7.337882272765992,8,2.332764715904251,true,4,8,,2.0.0
STORM-2682,17,1.0.4,18,1.1.1,19,1.0.5,JIRA_FIX_VERSION,JIRA_AFFECTED_VERSION,,17,,true,4,8,1.0.4 | 1.1.1,2.0.0 | 1.2.0 | 1.1.2 | 1.0.5
STORM-2690,15,1.0.3,18,1.1.1,20,1.0.6,JIRA_FIX_VERSION,JIRA_AFFECTED_VERSION,,15,,true,4,4,2.0.0 | 1.1.0 | 1.0.3 | 1.0.4 | 1.1.1 | 1.1.2 | 1.0.5,2.0.0 | 1.2.0 | 1.1.2 | 1.0.6
STORM-2691,18,1.1.1,18,1.1.1,26,2.0.0,JIRA_FIX_VERSION,JIRA_AFFECTED_VERSION,,18,,true,1,68,2.0.0 | 1.1.1,2.0.0
STORM-2692,,,18,1.1.1,22,1.2.0,JIRA_FIX_VERSION,PROPORTION_TOTAL,12.668941136382996,13,2.332764715904251,true,1,4,1.x,1.2.0
STORM-2700,,,18,1.1.1,26,2.0.0,JIRA_FIX_VERSION,PROPORTION_TOTAL,7.337882272765992,8,2.332764715904251,true,1,2,,2.0.0
STORM-2705,,,18,1.1.1,19,1.0.5,JIRA_FIX_VERSION,PROPORTION_TOTAL,16.66723528409575,17,2.332764715904251,true,4,8,,2.0.0 | 1.2.0 | 1.1.2 | 1.0.5
STORM-2716,26,2.0.0,18,1.1.1,26,2.0.0,JIRA_FIX_VERSION,PROPORTION_TOTAL,7.337882272765992,8,2.332764715904251,true,1,17,2.0.0,2.0.0
STORM-2724,17,1.0.4,18,1.1.1,21,1.1.2,JIRA_FIX_VERSION,JIRA_AFFECTED_VERSION,,17,,true,3,6,2.0.0 | 1.0.4 | 1.1.1,2.0.0 | 1.2.0 | 1.1.2
STORM-2729,,,18,1.1.1,26,2.0.0,JIRA_FIX_VERSION,PROPORTION_TOTAL,7.337882272765992,8,2.332764715904251,true,1,1,,2.0.0
STORM-2732,,,18,1.1.1,26,2.0.0,JIRA_FIX_VERSION,PROPORTION_TOTAL,7.337882272765992,8,2.332764715904251,true,1,1,,2.0.0
STORM-2733,9,1.0.0,18,1.1.1,26,2.0.0,JIRA_FIX_VERSION,JIRA_AFFECTED_VERSION,,9,,true,1,14,1.0.0 | 2.0.0,2.0.0
STORM-2734,26,2.0.0,18,1.1.1,26,2.0.0,JIRA_FIX_VERSION,PROPORTION_TOTAL,7.337882272765992,8,2.332764715904251,true,1,4,2.0.0,2.0.0
STORM-2736,18,1.1.1,18,1.1.1,21,1.1.2,JIRA_FIX_VERSION,JIRA_AFFECTED_VERSION,,18,,true,1,1,1.1.1,2.0.0 | 1.2.0 | 1.1.2
STORM-2738,,,18,1.1.1,26,2.0.0,JIRA_FIX_VERSION,PROPORTION_TOTAL,7.337882272765992,8,2.332764715904251,true,1,8,,2.0.0
STORM-2750,26,2.0.0,19,1.0.5,21,1.1.2,JIRA_FIX_VERSION,PROPORTION_TOTAL,16.3344705681915,17,2.332764715904251,true,2,2,2.0.0,2.0.0 | 1.1.2
STORM-2757,,,19,1.0.5,26,2.0.0,JIRA_FIX_VERSION,PROPORTION_TOTAL,9.670646988670242,10,2.332764715904251,true,1,2,,2.0.0
STORM-2758,,,19,1.0.5,26,2.0.0,JIRA_FIX_VERSION,PROPORTION_TOTAL,9.670646988670242,10,2.332764715904251,true,1,1,,2.0.0
STORM-2762,26,2.0.0,19,1.0.5,26,2.0.0,JIRA_FIX_VERSION,PROPORTION_TOTAL,9.670646988670242,10,2.332764715904251,true,1,4,2.0.0,2.0.0
STORM-2764,9,1.0.0,19,1.0.5,20,1.0.6,JIRA_FIX_VERSION,JIRA_AFFECTED_VERSION,,9,,true,4,8,1.0.0 | 2.0.0,2.0.0 | 1.2.0 | 1.1.2 | 1.0.6
STORM-2765,,,19,1.0.5,26,2.0.0,JIRA_FIX_VERSION,PROPORTION_TOTAL,9.670646988670242,10,2.332764715904251,true,1,6,,2.0.0
STORM-2777,,,19,1.0.5,26,2.0.0,JIRA_FIX_VERSION,PROPORTION_TOTAL,9.670646988670242,10,2.332764715904251,true,1,1,,2.0.0
STORM-2779,21,1.1.2,19,1.0.5,21,1.1.2,JIRA_FIX_VERSION,PROPORTION_TOTAL,16.3344705681915,17,2.332764715904251,true,3,3,2.0.0 | 1.2.0 | 1.1.2,2.0.0 | 1.2.0 | 1.1.2
STORM-2784,22,1.2.0,19,1.0.5,22,1.2.0,JIRA_FIX_VERSION,PROPORTION_TOTAL,15.001705852287246,16,2.332764715904251,true,2,2,2.0.0 | 1.2.0,2.0.0 | 1.2.0
STORM-2786,2,0.9.1-incubating,19,1.0.5,20,1.0.6,JIRA_FIX_VERSION,JIRA_AFFECTED_VERSION,,2,,true,1,7,0.9.1-incubating | 0.10.0 | 1.0.0 | 2.0.0,2.0.0 | 1.2.0 | 1.1.2 | 1.0.6
STORM-2787,22,1.2.0,19,1.0.5,22,1.2.0,JIRA_FIX_VERSION,PROPORTION_TOTAL,15.001705852287246,16,2.332764715904251,true,2,6,2.0.0 | 1.2.0,2.0.0 | 1.2.0
STORM-2794,,,19,1.0.5,26,2.0.0,JIRA_FIX_VERSION,PROPORTION_TOTAL,9.670646988670242,10,2.332764715904251,true,1,1,,2.0.0
STORM-2795,26,2.0.0,19,1.0.5,26,2.0.0,JIRA_FIX_VERSION,PROPORTION_TOTAL,9.670646988670242,10,2.332764715904251,true,1,1,2.0.0,2.0.0
STORM-2804,,,19,1.0.5,26,2.0.0,JIRA_FIX_VERSION,PROPORTION_TOTAL,9.670646988670242,10,2.332764715904251,true,1,1,,2.0.0
STORM-2808,,,19,1.0.5,26,2.0.0,JIRA_FIX_VERSION,PROPORTION_TOTAL,9.670646988670242,10,2.332764715904251,true,1,1,,2.0.0
STORM-2810,21,1.1.2,19,1.0.5,21,1.1.2,JIRA_FIX_VERSION,PROPORTION_TOTAL,16.3344705681915,17,2.332764715904251,true,3,61,2.0.0 | 1.1.2,2.0.0 | 1.2.0 | 1.1.2
STORM-2811,16,1.1.0,19,1.0.5,21,1.1.2,JIRA_FIX_VERSION,JIRA_AFFECTED_VERSION,,16,,true,1,1,2.0.0 | 1.1.0,2.0.0 | 1.2.0 | 1.1.2
STORM-2814,,,19,1.0.5,21,1.1.2,JIRA_FIX_VERSION,PROPORTION_TOTAL,16.3344705681915,17,2.332764715904251,true,1,5,,2.0.0 | 1.2.0 | 1.1.2
STORM-2815,,,19,1.0.5,21,1.1.2,JIRA_FIX_VERSION,PROPORTION_TOTAL,16.3344705681915,17,2.332764715904251,true,1,3,,2.0.0 | 1.2.0 | 1.1.2
STORM-2820,,,19,1.0.5,26,2.0.0,JIRA_FIX_VERSION,PROPORTION_TOTAL,9.670646988670242,10,2.332764715904251,true,1,1,,2.0.0
STORM-2825,22,1.2.0,19,1.0.5,22,1.2.0,JIRA_FIX_VERSION,PROPORTION_TOTAL,15.001705852287246,16,2.332764715904251,true,1,1,1.2.0,1.2.0
STORM-2826,22,1.2.0,19,1.0.5,22,1.2.0,JIRA_FIX_VERSION,PROPORTION_TOTAL,15.001705852287246,16,2.332764715904251,true,1,3,1.2.0,1.2.0
STORM-2827,26,2.0.0,19,1.0.5,26,2.0.0,JIRA_FIX_VERSION,PROPORTION_TOTAL,9.670646988670242,10,2.332764715904251,true,1,3,2.0.0,2.0.0
STORM-2829,26,2.0.0,19,1.0.5,26,2.0.0,JIRA_FIX_VERSION,PROPORTION_TOTAL,9.670646988670242,10,2.332764715904251,true,1,1,2.0.0,2.0.0
STORM-2833,9,1.0.0,19,1.0.5,21,1.1.2,JIRA_FIX_VERSION,JIRA_AFFECTED_VERSION,,9,,true,3,3,1.0.0 | 2.0.0,2.0.0 | 1.2.0 | 1.1.2
STORM-2834,,,19,1.0.5,26,2.0.0,JIRA_FIX_VERSION,PROPORTION_TOTAL,9.670646988670242,10,2.332764715904251,true,1,3,,2.0.0
STORM-2835,22,1.2.0,19,1.0.5,22,1.2.0,JIRA_FIX_VERSION,PROPORTION_TOTAL,15.001705852287246,16,2.332764715904251,true,2,12,2.0.0 | 1.2.0,2.0.0 | 1.2.0
STORM-2843,26,2.0.0,19,1.0.5,22,1.2.0,JIRA_FIX_VERSION,PROPORTION_TOTAL,15.001705852287246,16,2.332764715904251,true,2,18,2.0.0 | 1.x,2.0.0 | 1.2.0
STORM-2844,22,1.2.0,19,1.0.5,22,1.2.0,JIRA_FIX_VERSION,PROPORTION_TOTAL,15.001705852287246,16,2.332764715904251,true,2,38,2.0.0 | 1.2.0,2.0.0 | 1.2.0
STORM-2845,26,2.0.0,19,1.0.5,26,2.0.0,JIRA_FIX_VERSION,PROPORTION_TOTAL,9.670646988670242,10,2.332764715904251,true,1,92,2.0.0,2.0.0
STORM-2847,22,1.2.0,19,1.0.5,22,1.2.0,JIRA_FIX_VERSION,PROPORTION_TOTAL,15.001705852287246,16,2.332764715904251,true,2,26,2.0.0 | 1.2.0,2.0.0 | 1.2.0
STORM-2850,22,1.2.0,19,1.0.5,22,1.2.0,JIRA_FIX_VERSION,PROPORTION_TOTAL,15.001705852287246,16,2.332764715904251,true,2,2,2.0.0 | 1.2.0,2.0.0 | 1.2.0
STORM-2851,22,1.2.0,19,1.0.5,22,1.2.0,JIRA_FIX_VERSION,PROPORTION_TOTAL,15.001705852287246,16,2.332764715904251,true,2,13,2.0.0 | 1.2.0,2.0.0 | 1.2.0
STORM-2853,16,1.1.0,19,1.0.5,20,1.0.6,JIRA_FIX_VERSION,JIRA_AFFECTED_VERSION,,16,,true,1,1,1.1.0,2.0.0 | 1.2.0 | 1.1.2 | 1.0.6
STORM-2859,26,2.0.0,19,1.0.5,26,2.0.0,JIRA_FIX_VERSION,PROPORTION_TOTAL,9.670646988670242,10,2.332764715904251,true,1,7,2.0.0,2.0.0
STORM-2869,22,1.2.0,19,1.0.5,22,1.2.0,JIRA_FIX_VERSION,PROPORTION_TOTAL,15.001705852287246,16,2.332764715904251,true,2,17,2.0.0 | 1.2.0,2.0.0 | 1.2.0
STORM-2870,20,1.0.6,19,1.0.5,20,1.0.6,JIRA_FIX_VERSION,PROPORTION_TOTAL,17.66723528409575,18,2.332764715904251,true,4,4,2.0.0 | 1.2.0 | 1.1.2 | 1.0.6,2.0.0 | 1.2.0 | 1.1.2 | 1.0.6
STORM-2879,26,2.0.0,19,1.0.5,20,1.0.6,JIRA_FIX_VERSION,PROPORTION_TOTAL,17.66723528409575,18,2.332764715904251,true,4,4,2.0.0 | 1.x,2.0.0 | 1.2.0 | 1.1.2 | 1.0.6
STORM-2900,26,2.0.0,19,1.0.5,22,1.2.0,JIRA_FIX_VERSION,PROPORTION_TOTAL,15.001705852287246,16,2.332764715904251,true,2,2,2.0.0 | 1.x,2.0.0 | 1.2.0
STORM-2903,26,2.0.0,19,1.0.5,22,1.2.0,JIRA_FIX_VERSION,PROPORTION_TOTAL,15.001705852287246,16,2.332764715904251,true,2,2,2.0.0 | 1.x,2.0.0 | 1.2.0
STORM-2906,,,19,1.0.5,22,1.2.0,JIRA_FIX_VERSION,PROPORTION_TOTAL,15.001705852287246,16,2.332764715904251,true,2,2,,2.0.0 | 1.2.0
STORM-2910,26,2.0.0,19,1.0.5,26,2.0.0,JIRA_FIX_VERSION,PROPORTION_TOTAL,9.670646988670242,10,2.332764715904251,true,2,8,2.0.0,2.0.0
STORM-2912,20,1.0.6,19,1.0.5,20,1.0.6,JIRA_FIX_VERSION,PROPORTION_TOTAL,17.66723528409575,18,2.332764715904251,true,1,1,2.0.0 | 1.2.0 | 1.1.2 | 1.0.6,2.0.0 | 1.2.0 | 1.1.2 | 1.0.6
STORM-2913,22,1.2.0,19,1.0.5,22,1.2.0,JIRA_FIX_VERSION,PROPORTION_TOTAL,15.001705852287246,16,2.332764715904251,true,2,19,2.0.0 | 1.2.0,2.0.0 | 1.2.0
STORM-2932,,,19,1.0.5,26,2.0.0,JIRA_FIX_VERSION,PROPORTION_TOTAL,9.670646988670242,10,2.332764715904251,true,1,2,,2.0.0
STORM-2934,26,2.0.0,19,1.0.5,26,2.0.0,JIRA_FIX_VERSION,PROPORTION_TOTAL,9.670646988670242,10,2.332764715904251,true,1,1,2.0.0,2.0.0
STORM-2940,,,19,1.0.5,26,2.0.0,JIRA_FIX_VERSION,PROPORTION_TOTAL,9.670646988670242,10,2.332764715904251,true,1,3,,2.0.0
STORM-2941,26,2.0.0,19,1.0.5,26,2.0.0,JIRA_FIX_VERSION,PROPORTION_TOTAL,9.670646988670242,10,2.332764715904251,true,1,1,2.0.0,2.0.0
STORM-2950,,,20,1.0.6,26,2.0.0,JIRA_FIX_VERSION,PROPORTION_TOTAL,12.003411704574493,13,2.332764715904251,true,1,1,,2.0.0
STORM-2965,26,2.0.0,23,1.2.1,26,2.0.0,JIRA_FIX_VERSION,PROPORTION_TOTAL,19.001705852287245,20,2.332764715904251,false,1,4,2.0.0,2.0.0
STORM-2969,,,23,1.2.1,26,2.0.0,JIRA_FIX_VERSION,PROPORTION_TOTAL,19.001705852287245,20,2.332764715904251,false,1,2,,2.0.0
STORM-297,,,2,0.9.1-incubating,3,0.9.2-incubating,JIRA_FIX_VERSION,PROPORTION_TOTAL,0.667235284095749,1,2.332764715904251,true,13,31,,0.9.2-incubating
STORM-2979,20,1.0.6,23,1.2.1,24,1.1.3,JIRA_FIX_VERSION,JIRA_AFFECTED_VERSION,,20,,false,1,2,1.0.6,2.0.0 | 1.1.3 | 1.0.7 | 1.2.2
STORM-2983,,,23,1.2.1,26,2.0.0,JIRA_FIX_VERSION,PROPORTION_TOTAL,19.001705852287245,20,2.332764715904251,false,1,1,,2.0.0
STORM-2986,,,23,1.2.1,26,2.0.0,JIRA_FIX_VERSION,PROPORTION_TOTAL,19.001705852287245,20,2.332764715904251,false,1,1,,2.0.0
STORM-2987,26,2.0.0,23,1.2.1,26,2.0.0,JIRA_FIX_VERSION,PROPORTION_TOTAL,19.001705852287245,20,2.332764715904251,false,1,8,2.0.0,2.0.0
STORM-2988,23,1.2.1,23,1.2.1,25,1.2.2,JIRA_FIX_VERSION,JIRA_AFFECTED_VERSION,,23,,false,2,2,2.0.0 | 1.2.1,2.0.0 | 1.2.2
STORM-2989,21,1.1.2,23,1.2.1,24,1.1.3,JIRA_FIX_VERSION,JIRA_AFFECTED_VERSION,,21,,false,1,1,2.0.0 | 1.1.2 | 1.2.1,2.0.0 | 1.1.3 | 1.2.2
STORM-2993,,,23,1.2.1,25,1.2.2,JIRA_FIX_VERSION,PROPORTION_TOTAL,20.3344705681915,21,2.332764715904251,false,2,5,,2.0.0 | 1.2.2
STORM-2994,20,1.0.6,23,1.2.1,24,1.1.3,JIRA_FIX_VERSION,JIRA_AFFECTED_VERSION,,20,,false,3,24,2.0.0 | 1.1.2 | 1.0.6 | 1.2.1,2.0.0 | 1.1.3 | 1.0.7 | 1.2.2
STORM-3012,,,23,1.2.1,26,2.0.0,JIRA_FIX_VERSION,PROPORTION_TOTAL,19.001705852287245,20,2.332764715904251,false,1,1,,2.0.0
STORM-3013,23,1.2.1,23,1.2.1,26,2.0.0,JIRA_FIX_VERSION,JIRA_AFFECTED_VERSION,,23,,false,2,20,2.0.0 | 1.2.1,2.0.0 | 1.2.3
STORM-3020,26,2.0.0,23,1.2.1,26,2.0.0,JIRA_FIX_VERSION,PROPORTION_TOTAL,19.001705852287245,20,2.332764715904251,false,1,5,2.0.0,2.0.0
STORM-3021,,,23,1.2.1,26,2.0.0,JIRA_FIX_VERSION,PROPORTION_TOTAL,19.001705852287245,20,2.332764715904251,false,1,9,,2.0.0
STORM-3023,,,23,1.2.1,26,2.0.0,JIRA_FIX_VERSION,PROPORTION_TOTAL,19.001705852287245,20,2.332764715904251,false,1,3,,2.0.0
STORM-3028,23,1.2.1,23,1.2.1,26,2.0.0,JIRA_FIX_VERSION,JIRA_AFFECTED_VERSION,,23,,false,2,2,1.2.1,2.0.0 | 1.2.3
STORM-303,3,0.9.2-incubating,2,0.9.1-incubating,3,0.9.2-incubating,JIRA_FIX_VERSION,PROPORTION_TOTAL,0.667235284095749,1,2.332764715904251,true,1,31,0.9.2-incubating,0.9.2-incubating
STORM-3035,,,23,1.2.1,26,2.0.0,JIRA_FIX_VERSION,PROPORTION_TOTAL,19.001705852287245,20,2.332764715904251,false,1,4,,2.0.0
STORM-3042,,,23,1.2.1,26,2.0.0,JIRA_FIX_VERSION,PROPORTION_TOTAL,19.001705852287245,20,2.332764715904251,false,1,18,,2.0.0
STORM-3043,20,1.0.6,23,1.2.1,24,1.1.3,JIRA_FIX_VERSION,JIRA_AFFECTED_VERSION,,20,,false,3,3,2.0.0 | 1.1.2 | 1.0.6 | 1.2.1,2.0.0 | 1.1.3 | 1.0.7 | 1.2.2
STORM-3046,23,1.2.1,23,1.2.1,26,2.0.0,JIRA_FIX_VERSION,JIRA_AFFECTED_VERSION,,23,,false,2,4,1.2.1,2.0.0 | 1.2.3
STORM-3047,21,1.1.2,23,1.2.1,27,1.2.3,JIRA_FIX_VERSION,JIRA_AFFECTED_VERSION,,21,,false,1,6,1.1.2 | 1.2.1,1.2.3 | 1.1.4
STORM-3052,9,1.0.0,23,1.2.1,24,1.1.3,JIRA_FIX_VERSION,JIRA_AFFECTED_VERSION,,9,,true,3,11,1.0.0,2.0.0 | 1.1.3 | 1.0.7 | 1.2.2
STORM-3053,26,2.0.0,23,1.2.1,26,2.0.0,JIRA_FIX_VERSION,PROPORTION_TOTAL,19.001705852287245,20,2.332764715904251,false,1,2,2.0.0,2.0.0
STORM-3055,18,1.1.1,23,1.2.1,24,1.1.3,JIRA_FIX_VERSION,JIRA_AFFECTED_VERSION,,18,,true,1,12,2.0.0 | 1.1.1,2.0.0 | 1.1.3 | 1.2.3
STORM-3059,24,1.1.3,23,1.2.1,24,1.1.3,JIRA_FIX_VERSION,PROPORTION_TOTAL,21.66723528409575,22,2.332764715904251,false,3,6,2.0.0 | 1.1.3 | 1.0.7 | 1.2.2,2.0.0 | 1.1.3 | 1.0.7 | 1.2.2
STORM-3065,26,2.0.0,23,1.2.1,26,2.0.0,JIRA_FIX_VERSION,PROPORTION_TOTAL,19.001705852287245,20,2.332764715904251,false,1,4,2.0.0,2.0.0
STORM-307,2,0.9.1-incubating,2,0.9.1-incubating,4,0.9.3,GIT_CONTAINMENT,JIRA_AFFECTED_VERSION,,2,,true,2,4,0.9.1-incubating,0.9.3-rc2
STORM-3073,26,2.0.0,23,1.2.1,26,2.0.0,JIRA_FIX_VERSION,PROPORTION_TOTAL,19.001705852287245,20,2.332764715904251,false,1,2,2.0.0,2.0.0
STORM-3075,26,2.0.0,23,1.2.1,26,2.0.0,JIRA_FIX_VERSION,PROPORTION_TOTAL,19.001705852287245,20,2.332764715904251,false,1,2,2.0.0,2.0.0
STORM-3079,26,2.0.0,23,1.2.1,26,2.0.0,JIRA_FIX_VERSION,PROPORTION_TOTAL,19.001705852287245,20,2.332764715904251,false,1,38,2.0.0,2.0.0
STORM-3082,23,1.2.1,23,1.2.1,26,2.0.0,JIRA_FIX_VERSION,JIRA_AFFECTED_VERSION,,23,,false,2,2,2.0.0 | 1.2.1 | 1.1.3,2.0.0 | 1.2.3 | 1.1.4
STORM-3084,26,2.0.0,23,1.2.1,26,2.0.0,GIT_CONTAINMENT,PROPORTION_TOTAL,19.001705852287245,20,2.332764715904251,false,1,4,2.0.0,
STORM-3087,23,1.2.1,23,1.2.1,26,2.0.0,JIRA_FIX_VERSION,JIRA_AFFECTED_VERSION,,23,,false,2,2,2.0.0 | 1.2.1,2.0.0 | 1.2.3
STORM-3090,16,1.1.0,23,1.2.1,27,1.2.3,JIRA_FIX_VERSION,JIRA_AFFECTED_VERSION,,16,,true,1,7,1.1.0 | 1.0.4 | 1.2.2,1.2.3 | 1.1.4
STORM-3091,26,2.0.0,23,1.2.1,26,2.0.0,JIRA_FIX_VERSION,PROPORTION_TOTAL,19.001705852287245,20,2.332764715904251,false,1,7,2.0.0,2.0.0
STORM-3092,26,2.0.0,23,1.2.1,26,2.0.0,JIRA_FIX_VERSION,PROPORTION_TOTAL,19.001705852287245,20,2.332764715904251,false,1,1,2.0.0,2.0.0
STORM-3096,,,25,1.2.2,26,2.0.0,JIRA_FIX_VERSION,PROPORTION_TOTAL,23.66723528409575,24,2.332764715904251,false,1,2,,2.0.0
STORM-3097,21,1.1.2,25,1.2.2,26,2.0.0,JIRA_FIX_VERSION,JIRA_AFFECTED_VERSION,,21,,false,2,17,2.0.0 | 1.1.2 | 1.2.1,2.0.0 | 1.2.3 | 1.1.4
STORM-3098,26,2.0.0,25,1.2.2,26,2.0.0,JIRA_FIX_VERSION,PROPORTION_TOTAL,23.66723528409575,24,2.332764715904251,false,1,1,2.0.0,2.0.0
STORM-3102,20,1.0.6,25,1.2.2,26,2.0.0,JIRA_FIX_VERSION,JIRA_AFFECTED_VERSION,,20,,false,2,8,2.0.0 | 1.0.6 | 1.1.3 | 1.2.2,2.0.0 | 1.2.3 | 1.1.4
STORM-3103,26,2.0.0,25,1.2.2,26,2.0.0,JIRA_FIX_VERSION,PROPORTION_TOTAL,23.66723528409575,24,2.332764715904251,false,1,3,2.0.0,2.0.0
STORM-3109,15,1.0.3,25,1.2.2,26,2.0.0,JIRA_FIX_VERSION,JIRA_AFFECTED_VERSION,,15,,true,2,2,2.0.0 | 1.1.0 | 1.0.3 | 1.x | 1.0.4 | 1.1.1 | 1.2.0 | 1.1.2 | 1.0.5 | 1.0.6 | 1.2.1 | 1.1.3 | 1.2.2,2.0.0 | 1.2.3 | 1.1.4
STORM-3110,,,25,1.2.2,26,2.0.0,JIRA_FIX_VERSION,PROPORTION_TOTAL,23.66723528409575,24,2.332764715904251,false,3,4,,2.0.0 | 1.2.3
STORM-3116,26,2.0.0,25,1.2.2,26,2.0.0,JIRA_FIX_VERSION,PROPORTION_TOTAL,23.66723528409575,24,2.332764715904251,false,1,9,2.0.0,2.0.0
STORM-3117,26,2.0.0,25,1.2.2,26,2.0.0,JIRA_FIX_VERSION,PROPORTION_TOTAL,23.66723528409575,24,2.332764715904251,false,1,1,2.0.0,2.0.0
STORM-3120,26,2.0.0,25,1.2.2,26,2.0.0,JIRA_FIX_VERSION,PROPORTION_TOTAL,23.66723528409575,24,2.332764715904251,false,1,12,2.0.0,2.0.0
STORM-3122,,,25,1.2.2,27,1.2.3,JIRA_FIX_VERSION,PROPORTION_TOTAL,22.3344705681915,23,2.332764715904251,false,1,1,1.x,1.2.3
STORM-3123,25,1.2.2,25,1.2.2,26,2.0.0,JIRA_FIX_VERSION,JIRA_AFFECTED_VERSION,,25,,false,4,16,1.2.2,2.0.0 | 1.2.3
STORM-3124,26,2.0.0,25,1.2.2,26,2.0.0,JIRA_FIX_VERSION,PROPORTION_TOTAL,23.66723528409575,24,2.332764715904251,false,1,7,2.0.0,2.0.0
STORM-3126,26,2.0.0,25,1.2.2,26,2.0.0,JIRA_FIX_VERSION,PROPORTION_TOTAL,23.66723528409575,24,2.332764715904251,false,1,1,2.0.0,2.0.0
STORM-3127,26,2.0.0,25,1.2.2,26,2.0.0,JIRA_FIX_VERSION,PROPORTION_TOTAL,23.66723528409575,24,2.332764715904251,false,1,1,2.0.0,2.0.0
STORM-3129,26,2.0.0,25,1.2.2,26,2.0.0,JIRA_FIX_VERSION,PROPORTION_TOTAL,23.66723528409575,24,2.332764715904251,false,1,1,2.0.0,2.0.0
STORM-3132,,,25,1.2.2,37,2.6.1,JIRA_FIX_VERSION,PROPORTION_TOTAL,9.006823409148986,10,2.332764715904251,true,1,2,,2.6.1
STORM-3135,26,2.0.0,25,1.2.2,26,2.0.0,JIRA_FIX_VERSION,PROPORTION_TOTAL,23.66723528409575,24,2.332764715904251,false,1,6,2.0.0,2.0.0
STORM-3141,26,2.0.0,25,1.2.2,26,2.0.0,JIRA_FIX_VERSION,PROPORTION_TOTAL,23.66723528409575,24,2.332764715904251,false,1,6,2.0.0,2.0.0
STORM-3143,26,2.0.0,25,1.2.2,26,2.0.0,JIRA_FIX_VERSION,PROPORTION_TOTAL,23.66723528409575,24,2.332764715904251,false,1,1,2.0.0,2.0.0
STORM-3148,26,2.0.0,25,1.2.2,26,2.0.0,JIRA_FIX_VERSION,PROPORTION_TOTAL,23.66723528409575,24,2.332764715904251,false,2,9,2.0.0,2.0.0
STORM-3158,26,2.0.0,25,1.2.2,26,2.0.0,JIRA_FIX_VERSION,PROPORTION_TOTAL,23.66723528409575,24,2.332764715904251,false,1,1,2.0.0,2.0.0
STORM-3159,26,2.0.0,25,1.2.2,26,2.0.0,JIRA_FIX_VERSION,PROPORTION_TOTAL,23.66723528409575,24,2.332764715904251,false,1,1,2.0.0,2.0.0
STORM-3162,26,2.0.0,25,1.2.2,26,2.0.0,JIRA_FIX_VERSION,PROPORTION_TOTAL,23.66723528409575,24,2.332764715904251,false,1,22,2.0.0,2.0.0
STORM-3168,26,2.0.0,25,1.2.2,26,2.0.0,JIRA_FIX_VERSION,PROPORTION_TOTAL,23.66723528409575,24,2.332764715904251,false,1,5,2.0.0,2.0.0
STORM-3169,26,2.0.0,25,1.2.2,26,2.0.0,JIRA_FIX_VERSION,PROPORTION_TOTAL,23.66723528409575,24,2.332764715904251,false,1,2,2.0.0,2.0.0
STORM-3170,26,2.0.0,25,1.2.2,26,2.0.0,JIRA_FIX_VERSION,PROPORTION_TOTAL,23.66723528409575,24,2.332764715904251,false,1,4,2.0.0,2.0.0
STORM-3179,26,2.0.0,25,1.2.2,26,2.0.0,JIRA_FIX_VERSION,PROPORTION_TOTAL,23.66723528409575,24,2.332764715904251,false,1,1,2.0.0,2.0.0
STORM-3180,26,2.0.0,25,1.2.2,26,2.0.0,JIRA_FIX_VERSION,PROPORTION_TOTAL,23.66723528409575,24,2.332764715904251,false,1,1,2.0.0,2.0.0
STORM-3181,26,2.0.0,25,1.2.2,26,2.0.0,JIRA_FIX_VERSION,PROPORTION_TOTAL,23.66723528409575,24,2.332764715904251,false,1,1,2.0.0,2.0.0
STORM-3182,26,2.0.0,25,1.2.2,26,2.0.0,JIRA_FIX_VERSION,PROPORTION_TOTAL,23.66723528409575,24,2.332764715904251,false,1,2,2.0.0,2.0.0
STORM-3183,26,2.0.0,25,1.2.2,26,2.0.0,JIRA_FIX_VERSION,PROPORTION_TOTAL,23.66723528409575,24,2.332764715904251,false,1,1,2.0.0,2.0.0
STORM-3184,18,1.1.1,25,1.2.2,26,2.0.0,JIRA_FIX_VERSION,JIRA_AFFECTED_VERSION,,18,,true,3,13,1.1.1,2.0.0 | 1.2.3
STORM-3194,26,2.0.0,25,1.2.2,26,2.0.0,JIRA_FIX_VERSION,PROPORTION_TOTAL,23.66723528409575,24,2.332764715904251,false,1,1,2.0.0,2.0.0
STORM-3200,,,25,1.2.2,26,2.0.0,JIRA_FIX_VERSION,PROPORTION_TOTAL,23.66723528409575,24,2.332764715904251,false,1,1,,2.0.0
STORM-3201,,,25,1.2.2,26,2.0.0,JIRA_FIX_VERSION,PROPORTION_TOTAL,23.66723528409575,24,2.332764715904251,false,2,8,,2.0.0 | 1.2.3 | 1.1.4
STORM-3203,26,2.0.0,25,1.2.2,26,2.0.0,JIRA_FIX_VERSION,PROPORTION_TOTAL,23.66723528409575,24,2.332764715904251,false,1,4,2.0.0,2.0.0
STORM-3206,,,25,1.2.2,26,2.0.0,JIRA_FIX_VERSION,PROPORTION_TOTAL,23.66723528409575,24,2.332764715904251,false,1,4,,2.0.0
STORM-3208,26,2.0.0,25,1.2.2,26,2.0.0,JIRA_FIX_VERSION,PROPORTION_TOTAL,23.66723528409575,24,2.332764715904251,false,1,1,2.0.0,2.0.0
STORM-3210,,,25,1.2.2,26,2.0.0,JIRA_FIX_VERSION,PROPORTION_TOTAL,23.66723528409575,24,2.332764715904251,false,1,1,,2.0.0
STORM-3213,,,25,1.2.2,26,2.0.0,JIRA_FIX_VERSION,PROPORTION_TOTAL,23.66723528409575,24,2.332764715904251,false,1,2,,2.0.0
STORM-3215,26,2.0.0,25,1.2.2,26,2.0.0,JIRA_FIX_VERSION,PROPORTION_TOTAL,23.66723528409575,24,2.332764715904251,false,1,7,2.0.0,2.0.0
STORM-3216,,,25,1.2.2,26,2.0.0,JIRA_FIX_VERSION,PROPORTION_TOTAL,23.66723528409575,24,2.332764715904251,false,1,6,,2.0.0
STORM-3217,26,2.0.0,25,1.2.2,26,2.0.0,JIRA_FIX_VERSION,PROPORTION_TOTAL,23.66723528409575,24,2.332764715904251,false,2,3,2.0.0,2.0.0
STORM-3218,26,2.0.0,25,1.2.2,26,2.0.0,JIRA_FIX_VERSION,PROPORTION_TOTAL,23.66723528409575,24,2.332764715904251,false,1,9,2.0.0,2.0.0
STORM-3219,26,2.0.0,25,1.2.2,26,2.0.0,JIRA_FIX_VERSION,PROPORTION_TOTAL,23.66723528409575,24,2.332764715904251,false,1,26,2.0.0,2.0.0
STORM-3221,26,2.0.0,25,1.2.2,26,2.0.0,JIRA_FIX_VERSION,PROPORTION_TOTAL,23.66723528409575,24,2.332764715904251,false,1,1,2.0.0,2.0.0
STORM-3223,26,2.0.0,25,1.2.2,26,2.0.0,JIRA_FIX_VERSION,PROPORTION_TOTAL,23.66723528409575,24,2.332764715904251,false,1,1,2.0.0,2.0.0
STORM-3225,26,2.0.0,25,1.2.2,26,2.0.0,JIRA_FIX_VERSION,PROPORTION_TOTAL,23.66723528409575,24,2.332764715904251,false,1,1,2.0.0,2.0.0
STORM-3228,26,2.0.0,25,1.2.2,26,2.0.0,JIRA_FIX_VERSION,PROPORTION_TOTAL,23.66723528409575,24,2.332764715904251,false,1,1,2.0.0,2.0.0
STORM-3230,26,2.0.0,25,1.2.2,26,2.0.0,JIRA_FIX_VERSION,PROPORTION_TOTAL,23.66723528409575,24,2.332764715904251,false,2,3,2.0.0,2.0.0
STORM-3236,26,2.0.0,25,1.2.2,26,2.0.0,JIRA_FIX_VERSION,PROPORTION_TOTAL,23.66723528409575,24,2.332764715904251,false,1,2,2.0.0,2.0.0
STORM-3237,26,2.0.0,25,1.2.2,26,2.0.0,JIRA_FIX_VERSION,PROPORTION_TOTAL,23.66723528409575,24,2.332764715904251,false,1,8,2.0.0,2.0.0
STORM-3239,26,2.0.0,25,1.2.2,26,2.0.0,JIRA_FIX_VERSION,PROPORTION_TOTAL,23.66723528409575,24,2.332764715904251,false,1,2,2.0.0,2.0.0
STORM-3240,26,2.0.0,25,1.2.2,26,2.0.0,JIRA_FIX_VERSION,PROPORTION_TOTAL,23.66723528409575,24,2.332764715904251,false,3,4,2.0.0,2.0.0
STORM-3244,,,25,1.2.2,26,2.0.0,JIRA_FIX_VERSION,PROPORTION_TOTAL,23.66723528409575,24,2.332764715904251,false,2,4,,2.0.0
STORM-3245,26,2.0.0,25,1.2.2,26,2.0.0,JIRA_FIX_VERSION,PROPORTION_TOTAL,23.66723528409575,24,2.332764715904251,false,1,8,2.0.0,2.0.0
STORM-3247,26,2.0.0,25,1.2.2,26,2.0.0,JIRA_FIX_VERSION,PROPORTION_TOTAL,23.66723528409575,24,2.332764715904251,false,1,5,2.0.0,2.0.0
STORM-3249,26,2.0.0,25,1.2.2,26,2.0.0,JIRA_FIX_VERSION,PROPORTION_TOTAL,23.66723528409575,24,2.332764715904251,false,1,9,2.0.0,2.0.0
STORM-3251,,,25,1.2.2,26,2.0.0,JIRA_FIX_VERSION,PROPORTION_TOTAL,23.66723528409575,24,2.332764715904251,false,1,3,,2.0.0
STORM-3252,25,1.2.2,25,1.2.2,26,2.0.0,JIRA_FIX_VERSION,JIRA_AFFECTED_VERSION,,25,,false,1,1,1.2.2,2.0.0
STORM-3262,,,25,1.2.2,26,2.0.0,JIRA_FIX_VERSION,PROPORTION_TOTAL,23.66723528409575,24,2.332764715904251,false,1,1,,2.0.0
STORM-3269,26,2.0.0,25,1.2.2,26,2.0.0,JIRA_FIX_VERSION,PROPORTION_TOTAL,23.66723528409575,24,2.332764715904251,false,1,5,2.0.0,2.0.0
STORM-3276,26,2.0.0,25,1.2.2,26,2.0.0,JIRA_FIX_VERSION,PROPORTION_TOTAL,23.66723528409575,24,2.332764715904251,false,1,10,2.0.0,2.0.0
STORM-3279,26,2.0.0,25,1.2.2,26,2.0.0,JIRA_FIX_VERSION,PROPORTION_TOTAL,23.66723528409575,24,2.332764715904251,false,1,7,2.0.0,2.0.0
STORM-328,1,0.9.0.1,2,0.9.1-incubating,4,0.9.3,JIRA_FIX_VERSION,JIRA_AFFECTED_VERSION,,1,,true,1,9,0.9.2-incubating | 0.9.1-incubating | 0.9.0.1,0.9.3
STORM-3288,26,2.0.0,25,1.2.2,26,2.0.0,JIRA_FIX_VERSION,PROPORTION_TOTAL,23.66723528409575,24,2.332764715904251,false,1,1,2.0.0,2.0.0
STORM-3295,26,2.0.0,25,1.2.2,26,2.0.0,JIRA_FIX_VERSION,PROPORTION_TOTAL,23.66723528409575,24,2.332764715904251,false,2,4,2.0.0,2.0.0
STORM-3297,26,2.0.0,25,1.2.2,26,2.0.0,JIRA_FIX_VERSION,PROPORTION_TOTAL,23.66723528409575,24,2.332764715904251,false,1,1,2.0.0,2.0.0
STORM-3300,26,2.0.0,25,1.2.2,26,2.0.0,JIRA_FIX_VERSION,PROPORTION_TOTAL,23.66723528409575,24,2.332764715904251,false,1,1,2.0.0,2.0.0
STORM-3301,25,1.2.2,25,1.2.2,26,2.0.0,JIRA_FIX_VERSION,JIRA_AFFECTED_VERSION,,25,,false,2,10,2.0.0 | 1.2.2,2.0.0 | 1.2.3
STORM-3302,,,25,1.2.2,26,2.0.0,JIRA_FIX_VERSION,PROPORTION_TOTAL,23.66723528409575,24,2.332764715904251,false,1,6,,2.0.0
STORM-3303,,,25,1.2.2,26,2.0.0,JIRA_FIX_VERSION,PROPORTION_TOTAL,23.66723528409575,24,2.332764715904251,false,1,6,,2.0.0
STORM-3307,26,2.0.0,25,1.2.2,26,2.0.0,GIT_CONTAINMENT,PROPORTION_TOTAL,23.66723528409575,24,2.332764715904251,false,1,1,2.0.0,
STORM-3309,26,2.0.0,25,1.2.2,26,2.0.0,JIRA_FIX_VERSION,PROPORTION_TOTAL,23.66723528409575,24,2.332764715904251,false,2,10,2.0.0,2.0.0
STORM-3319,26,2.0.0,25,1.2.2,26,2.0.0,JIRA_FIX_VERSION,PROPORTION_TOTAL,23.66723528409575,24,2.332764715904251,false,1,15,2.0.0,2.0.0
STORM-3320,26,2.0.0,25,1.2.2,26,2.0.0,JIRA_FIX_VERSION,PROPORTION_TOTAL,23.66723528409575,24,2.332764715904251,false,1,4,2.0.0,2.0.0
STORM-3321,26,2.0.0,25,1.2.2,26,2.0.0,JIRA_FIX_VERSION,PROPORTION_TOTAL,23.66723528409575,24,2.332764715904251,false,1,7,2.0.0,2.0.0
STORM-3327,26,2.0.0,25,1.2.2,26,2.0.0,JIRA_FIX_VERSION,PROPORTION_TOTAL,23.66723528409575,24,2.332764715904251,false,1,13,2.0.0,2.0.0
STORM-3348,25,1.2.2,25,1.2.2,26,2.0.0,JIRA_FIX_VERSION,JIRA_AFFECTED_VERSION,,25,,false,1,4,2.0.0 | 1.x | 1.2.2,2.0.0 | 1.2.4
STORM-3354,26,2.0.0,25,1.2.2,26,2.0.0,JIRA_FIX_VERSION,PROPORTION_TOTAL,23.66723528409575,24,2.332764715904251,false,1,33,2.0.0,2.0.0
STORM-3371,26,2.0.0,25,1.2.2,28,2.1.0,JIRA_FIX_VERSION,PROPORTION_TOTAL,21.001705852287245,22,2.332764715904251,false,1,1,2.0.0,2.1.0
STORM-3372,26,2.0.0,25,1.2.2,28,2.1.0,JIRA_FIX_VERSION,PROPORTION_TOTAL,21.001705852287245,22,2.332764715904251,false,1,1,2.0.0,2.1.0
STORM-3375,,,25,1.2.2,26,2.0.0,JIRA_FIX_VERSION,PROPORTION_TOTAL,23.66723528409575,24,2.332764715904251,false,1,2,,2.0.0
STORM-3376,26,2.0.0,25,1.2.2,28,2.1.0,JIRA_FIX_VERSION,PROPORTION_TOTAL,21.001705852287245,22,2.332764715904251,false,1,44,2.0.0,2.1.0
STORM-3377,26,2.0.0,25,1.2.2,26,2.0.0,JIRA_FIX_VERSION,PROPORTION_TOTAL,23.66723528409575,24,2.332764715904251,false,1,2,2.0.0,2.0.0
STORM-3379,26,2.0.0,25,1.2.2,28,2.1.0,JIRA_FIX_VERSION,PROPORTION_TOTAL,21.001705852287245,22,2.332764715904251,false,1,21,2.0.0,2.1.0
STORM-3385,,,25,1.2.2,28,2.1.0,JIRA_FIX_VERSION,PROPORTION_TOTAL,21.001705852287245,22,2.332764715904251,false,1,1,,2.1.0
STORM-3404,25,1.2.2,26,2.0.0,36,2.6.0,JIRA_FIX_VERSION,JIRA_AFFECTED_VERSION,,25,,false,1,2,1.2.2,2.6.0
STORM-3408,26,2.0.0,26,2.0.0,28,2.1.0,JIRA_FIX_VERSION,JIRA_AFFECTED_VERSION,,26,,false,1,3,2.0.0,2.1.0
STORM-342,,,2,0.9.1-incubating,3,0.9.2-incubating,JIRA_FIX_VERSION,PROPORTION_TOTAL,0.667235284095749,1,2.332764715904251,true,1,3,,0.9.2-incubating
STORM-3422,25,1.2.2,26,2.0.0,28,2.1.0,JIRA_FIX_VERSION,JIRA_AFFECTED_VERSION,,25,,false,1,4,2.0.0 | 1.2.2,2.1.0
STORM-3436,26,2.0.0,26,2.0.0,28,2.1.0,JIRA_FIX_VERSION,JIRA_AFFECTED_VERSION,,26,,false,1,4,2.0.0,2.1.0
STORM-346,,,2,0.9.1-incubating,7,0.10.0,JIRA_FIX_VERSION,PROPORTION_TOTAL,-4.663823579521255,1,2.332764715904251,true,3,5,,0.10.0
STORM-347,,,2,0.9.1-incubating,7,0.10.0,JIRA_FIX_VERSION,PROPORTION_TOTAL,-4.663823579521255,1,2.332764715904251,true,2,35,,0.10.0
STORM-3470,26,2.0.0,27,1.2.3,28,2.1.0,JIRA_FIX_VERSION,JIRA_AFFECTED_VERSION,,26,,false,1,1,2.0.0,2.1.0
STORM-348,,,2,0.9.1-incubating,7,0.10.0,JIRA_FIX_VERSION,PROPORTION_TOTAL,-4.663823579521255,1,2.332764715904251,true,2,16,,0.10.0
STORM-3481,26,2.0.0,27,1.2.3,28,2.1.0,JIRA_FIX_VERSION,JIRA_AFFECTED_VERSION,,26,,false,1,4,2.0.0,2.1.0
STORM-3485,28,2.1.0,27,1.2.3,28,2.1.0,JIRA_FIX_VERSION,PROPORTION_TOTAL,25.66723528409575,26,2.332764715904251,false,1,1,2.1.0,2.1.0
STORM-3488,,,27,1.2.3,28,2.1.0,JIRA_FIX_VERSION,PROPORTION_TOTAL,25.66723528409575,26,2.332764715904251,false,2,19,,2.1.0
STORM-349,,,2,0.9.1-incubating,7,0.10.0,JIRA_FIX_VERSION,PROPORTION_TOTAL,-4.663823579521255,1,2.332764715904251,true,1,7,,0.10.0
STORM-3491,28,2.1.0,27,1.2.3,28,2.1.0,JIRA_FIX_VERSION,PROPORTION_TOTAL,25.66723528409575,26,2.332764715904251,false,1,1,2.1.0,2.1.0
STORM-3500,28,2.1.0,27,1.2.3,28,2.1.0,JIRA_FIX_VERSION,PROPORTION_TOTAL,25.66723528409575,26,2.332764715904251,false,2,6,2.1.0,2.1.0
STORM-3501,26,2.0.0,27,1.2.3,28,2.1.0,JIRA_FIX_VERSION,JIRA_AFFECTED_VERSION,,26,,false,2,2,2.0.0 | 2.1.0,2.1.0
STORM-3510,29,2.2.0,27,1.2.3,29,2.2.0,JIRA_FIX_VERSION,PROPORTION_TOTAL,24.3344705681915,25,2.332764715904251,false,1,5,2.2.0,2.2.0
STORM-3511,26,2.0.0,27,1.2.3,29,2.2.0,JIRA_FIX_VERSION,JIRA_AFFECTED_VERSION,,26,,false,2,8,2.0.0 | 2.1.0,2.2.0 | 2.1.1
STORM-3516,,,27,1.2.3,28,2.1.0,JIRA_FIX_VERSION,PROPORTION_TOTAL,25.66723528409575,26,2.332764715904251,false,2,8,,2.1.0
STORM-3519,26,2.0.0,27,1.2.3,29,2.2.0,JIRA_FIX_VERSION,JIRA_AFFECTED_VERSION,,26,,false,1,5,2.0.0,2.2.0
STORM-352,3,0.9.2-incubating,2,0.9.1-incubating,3,0.9.2-incubating,JIRA_FIX_VERSION,PROPORTION_TOTAL,0.667235284095749,1,2.332764715904251,true,1,1,0.9.2-incubating,0.9.2-incubating
STORM-3523,26,2.0.0,27,1.2.3,29,2.2.0,JIRA_FIX_VERSION,JIRA_AFFECTED_VERSION,,26,,false,2,6,2.0.0,2.2.0
STORM-3524,26,2.0.0,27,1.2.3,28,2.1.0,JIRA_FIX_VERSION,JIRA_AFFECTED_VERSION,,26,,false,2,4,2.0.0,2.1.0
STORM-3527,,,27,1.2.3,29,2.2.0,JIRA_FIX_VERSION,PROPORTION_TOTAL,24.3344705681915,25,2.332764715904251,false,1,2,,2.2.0
STORM-3540,28,2.1.0,28,2.1.0,29,2.2.0,JIRA_FIX_VERSION,JIRA_AFFECTED_VERSION,,28,,false,1,2,2.1.0,2.2.0
STORM-3549,28,2.1.0,28,2.1.0,29,2.2.0,JIRA_FIX_VERSION,JIRA_AFFECTED_VERSION,,28,,false,2,39,2.1.0,2.2.0
STORM-3551,28,2.1.0,28,2.1.0,29,2.2.0,JIRA_FIX_VERSION,JIRA_AFFECTED_VERSION,,28,,false,1,4,2.1.0,2.2.0
STORM-3552,26,2.0.0,28,2.1.0,29,2.2.0,JIRA_FIX_VERSION,JIRA_AFFECTED_VERSION,,26,,false,2,2,2.0.0 | 2.1.0,2.2.0 | 2.1.1
STORM-3553,26,2.0.0,28,2.1.0,30,2.3.0,JIRA_FIX_VERSION,JIRA_AFFECTED_VERSION,,26,,false,2,24,2.0.0 | 1.2.3 | 2.1.0 | 2.2.0,2.3.0 | 2.2.1
STORM-3567,28,2.1.0,28,2.1.0,29,2.2.0,JIRA_FIX_VERSION,JIRA_AFFECTED_VERSION,,28,,false,2,17,2.1.0,2.2.0 | 2.1.1
STORM-3572,,,28,2.1.0,29,2.2.0,JIRA_FIX_VERSION,PROPORTION_TOTAL,26.66723528409575,27,2.332764715904251,false,1,1,,2.2.0
STORM-3583,,,28,2.1.0,29,2.2.0,JIRA_FIX_VERSION,PROPORTION_TOTAL,26.66723528409575,27,2.332764715904251,false,1,4,,2.2.0
STORM-3598,26,2.0.0,28,2.1.0,29,2.2.0,JIRA_FIX_VERSION,JIRA_AFFECTED_VERSION,,26,,false,2,6,2.0.0 | 2.1.0,2.2.0 | 2.1.1
STORM-3602,26,2.0.0,28,2.1.0,29,2.2.0,JIRA_FIX_VERSION,JIRA_AFFECTED_VERSION,,26,,false,2,2,2.0.0 | 2.1.0,2.2.0 | 2.1.1
STORM-3606,26,2.0.0,28,2.1.0,29,2.2.0,JIRA_FIX_VERSION,JIRA_AFFECTED_VERSION,,26,,false,2,7,2.0.0 | 1.2.3 | 2.1.0,2.2.0 | 2.1.1
STORM-3609,26,2.0.0,28,2.1.0,29,2.2.0,JIRA_FIX_VERSION,JIRA_AFFECTED_VERSION,,26,,false,2,4,2.0.0 | 2.1.0,2.2.0 | 2.1.1
STORM-3620,26,2.0.0,28,2.1.0,29,2.2.0,JIRA_FIX_VERSION,JIRA_AFFECTED_VERSION,,26,,false,2,10,2.0.0 | 2.1.0,2.2.0
STORM-3622,29,2.2.0,28,2.1.0,29,2.2.0,JIRA_FIX_VERSION,PROPORTION_TOTAL,26.66723528409575,27,2.332764715904251,false,1,3,2.2.0,2.2.0
STORM-3623,26,2.0.0,28,2.1.0,29,2.2.0,JIRA_FIX_VERSION,JIRA_AFFECTED_VERSION,,26,,false,1,10,2.0.0 | 2.1.0,2.2.0
STORM-3624,26,2.0.0,28,2.1.0,30,2.3.0,JIRA_FIX_VERSION,JIRA_AFFECTED_VERSION,,26,,false,1,8,2.0.0 | 2.1.0 | 2.2.0,2.3.0
STORM-3629,26,2.0.0,28,2.1.0,29,2.2.0,JIRA_FIX_VERSION,JIRA_AFFECTED_VERSION,,26,,false,2,12,2.0.0 | 2.1.0,2.2.0 | 2.1.1
STORM-3631,26,2.0.0,28,2.1.0,29,2.2.0,JIRA_FIX_VERSION,JIRA_AFFECTED_VERSION,,26,,false,1,14,2.0.0 | 2.1.0,2.2.0
STORM-3649,26,2.0.0,28,2.1.0,30,2.3.0,JIRA_FIX_VERSION,JIRA_AFFECTED_VERSION,,26,,false,1,1,2.0.0 | 2.1.0 | 2.2.0,2.3.0
STORM-3652,26,2.0.0,28,2.1.0,30,2.3.0,JIRA_FIX_VERSION,JIRA_AFFECTED_VERSION,,26,,false,1,3,2.0.0 | 2.1.0 | 2.2.0,2.3.0
STORM-3655,26,2.0.0,28,2.1.0,30,2.3.0,JIRA_FIX_VERSION,JIRA_AFFECTED_VERSION,,26,,false,1,4,2.0.0 | 2.1.0 | 2.2.0,2.3.0
STORM-3658,26,2.0.0,28,2.1.0,30,2.3.0,JIRA_FIX_VERSION,JIRA_AFFECTED_VERSION,,26,,false,1,9,2.0.0 | 2.1.0 | 2.2.0,2.3.0
STORM-3666,26,2.0.0,29,2.2.0,30,2.3.0,JIRA_FIX_VERSION,JIRA_AFFECTED_VERSION,,26,,false,1,4,2.0.0 | 2.1.0 | 2.2.0,2.3.0
STORM-3677,26,2.0.0,29,2.2.0,30,2.3.0,JIRA_FIX_VERSION,JIRA_AFFECTED_VERSION,,26,,false,1,1,2.0.0 | 2.1.0 | 2.2.0,2.3.0
STORM-3679,26,2.0.0,29,2.2.0,30,2.3.0,JIRA_FIX_VERSION,JIRA_AFFECTED_VERSION,,26,,false,1,8,2.0.0 | 2.1.0 | 2.2.0,2.3.0
STORM-3684,26,2.0.0,29,2.2.0,30,2.3.0,JIRA_FIX_VERSION,JIRA_AFFECTED_VERSION,,26,,false,1,3,2.0.0 | 2.1.0 | 2.2.0,2.3.0
STORM-3690,30,2.3.0,29,2.2.0,30,2.3.0,JIRA_FIX_VERSION,PROPORTION_TOTAL,27.66723528409575,28,2.332764715904251,false,1,2,2.3.0,2.3.0
STORM-3693,28,2.1.0,29,2.2.0,42,2.8.0,JIRA_FIX_VERSION,JIRA_AFFECTED_VERSION,,28,,false,2,9,2.1.0,2.8.0
STORM-3695,,,29,2.2.0,30,2.3.0,JIRA_FIX_VERSION,PROPORTION_TOTAL,27.66723528409575,28,2.332764715904251,false,1,2,,2.3.0
STORM-3696,,,29,2.2.0,30,2.3.0,JIRA_FIX_VERSION,PROPORTION_TOTAL,27.66723528409575,28,2.332764715904251,false,1,1,,2.3.0
STORM-3701,26,2.0.0,29,2.2.0,30,2.3.0,JIRA_FIX_VERSION,JIRA_AFFECTED_VERSION,,26,,false,1,2,2.0.0 | 2.1.0 | 2.2.0,2.3.0
STORM-3704,29,2.2.0,29,2.2.0,30,2.3.0,JIRA_FIX_VERSION,JIRA_AFFECTED_VERSION,,29,,false,2,2,2.2.0,2.3.0 | 2.2.1
STORM-3713,,,29,2.2.0,37,2.6.1,JIRA_FIX_VERSION,PROPORTION_TOTAL,18.33788227276599,19,2.332764715904251,false,1,5,,2.6.1
STORM-3720,,,29,2.2.0,30,2.3.0,JIRA_FIX_VERSION,PROPORTION_TOTAL,27.66723528409575,28,2.332764715904251,false,1,4,,2.3.0
STORM-3723,,,29,2.2.0,30,2.3.0,JIRA_FIX_VERSION,PROPORTION_TOTAL,27.66723528409575,28,2.332764715904251,false,1,2,,2.3.0
STORM-3725,26,2.0.0,29,2.2.0,30,2.3.0,JIRA_FIX_VERSION,JIRA_AFFECTED_VERSION,,26,,false,1,8,2.0.0 | 2.1.0 | 2.2.0,2.3.0
STORM-3727,29,2.2.0,29,2.2.0,30,2.3.0,JIRA_FIX_VERSION,JIRA_AFFECTED_VERSION,,29,,false,1,1,2.2.0,2.3.0
STORM-3729,26,2.0.0,29,2.2.0,30,2.3.0,JIRA_FIX_VERSION,JIRA_AFFECTED_VERSION,,26,,false,1,1,2.0.0 | 2.1.0 | 2.2.0,2.3.0
STORM-3733,,,29,2.2.0,30,2.3.0,JIRA_FIX_VERSION,PROPORTION_TOTAL,27.66723528409575,28,2.332764715904251,false,1,14,,2.3.0
STORM-3740,,,29,2.2.0,30,2.3.0,JIRA_FIX_VERSION,PROPORTION_TOTAL,27.66723528409575,28,2.332764715904251,false,1,4,,2.3.0
STORM-3748,,,29,2.2.0,30,2.3.0,JIRA_FIX_VERSION,PROPORTION_TOTAL,27.66723528409575,28,2.332764715904251,false,1,1,,2.3.0
STORM-3763,26,2.0.0,29,2.2.0,30,2.3.0,JIRA_FIX_VERSION,JIRA_AFFECTED_VERSION,,26,,false,2,8,2.0.0 | 2.1.0 | 2.2.0,2.3.0 | 2.2.1
STORM-3765,26,2.0.0,29,2.2.0,30,2.3.0,JIRA_FIX_VERSION,JIRA_AFFECTED_VERSION,,26,,false,1,4,2.0.0 | 2.1.0 | 2.2.0,2.3.0
STORM-3767,26,2.0.0,29,2.2.0,30,2.3.0,JIRA_FIX_VERSION,JIRA_AFFECTED_VERSION,,26,,false,3,24,2.0.0 | 2.1.0 | 2.2.0,2.1.1 | 2.3.0 | 2.2.1
STORM-3769,,,29,2.2.0,30,2.3.0,JIRA_FIX_VERSION,PROPORTION_TOTAL,27.66723528409575,28,2.332764715904251,false,1,2,,2.3.0
STORM-3775,,,29,2.2.0,30,2.3.0,JIRA_FIX_VERSION,PROPORTION_TOTAL,27.66723528409575,28,2.332764715904251,false,1,3,,2.3.0
STORM-3785,29,2.2.0,29,2.2.0,30,2.3.0,JIRA_FIX_VERSION,JIRA_AFFECTED_VERSION,,29,,false,2,4,2.2.0,2.3.0 | 2.2.1
STORM-3822,,,33,2.1.1,35,2.5.0,JIRA_FIX_VERSION,PROPORTION_TOTAL,30.3344705681915,31,2.332764715904251,false,1,1,2.3.1,2.5.0
STORM-3838,,,34,2.4.0,35,2.5.0,JIRA_FIX_VERSION,PROPORTION_TOTAL,32.667235284095746,33,2.332764715904251,false,1,1,,2.5.0
STORM-3944,35,2.5.0,35,2.5.0,36,2.6.0,JIRA_FIX_VERSION,JIRA_AFFECTED_VERSION,,35,,false,1,7,2.5.0,2.6.0
STORM-3984,35,2.5.0,35,2.5.0,36,2.6.0,JIRA_FIX_VERSION,JIRA_AFFECTED_VERSION,,35,,false,1,1,2.5.0,2.6.0
STORM-399,3,0.9.2-incubating,3,0.9.2-incubating,4,0.9.3,JIRA_FIX_VERSION,JIRA_AFFECTED_VERSION,,3,,true,1,1,0.9.2-incubating,0.9.3
STORM-4017,30,2.3.0,36,2.6.0,37,2.6.1,JIRA_FIX_VERSION,JIRA_AFFECTED_VERSION,,30,,false,1,2,2.3.0 | 2.4.0 | 2.5.0 | 2.6.0,2.6.1
STORM-4018,36,2.6.0,36,2.6.0,37,2.6.1,JIRA_FIX_VERSION,JIRA_AFFECTED_VERSION,,36,,false,1,1,2.6.0,2.6.1
STORM-4023,36,2.6.0,36,2.6.0,37,2.6.1,JIRA_FIX_VERSION,JIRA_AFFECTED_VERSION,,36,,false,1,3,2.6.0,2.6.1
STORM-4024,26,2.0.0,36,2.6.0,37,2.6.1,JIRA_FIX_VERSION,JIRA_AFFECTED_VERSION,,26,,false,1,2,2.0.0,2.6.1
STORM-4025,36,2.6.0,36,2.6.0,37,2.6.1,JIRA_FIX_VERSION,JIRA_AFFECTED_VERSION,,36,,false,1,1,2.6.0,2.6.1
STORM-4051,,,38,2.6.2,39,2.6.3,JIRA_FIX_VERSION,PROPORTION_TOTAL,36.667235284095746,37,2.332764715904251,false,1,3,,2.6.3
STORM-4055,37,2.6.1,38,2.6.2,40,2.7.0,JIRA_FIX_VERSION,JIRA_AFFECTED_VERSION,,37,,false,1,14,2.6.1,2.7.0
STORM-4060,24,1.1.3,38,2.6.2,39,2.6.3,JIRA_FIX_VERSION,JIRA_AFFECTED_VERSION,,24,,false,1,3,1.1.3 | 1.2.4 | 2.6.2,2.6.3
STORM-4069,36,2.6.0,39,2.6.3,40,2.7.0,JIRA_FIX_VERSION,JIRA_AFFECTED_VERSION,,36,,false,1,2,2.6.0 | 2.6.1 | 2.6.2,2.7.0
STORM-4085,,,40,2.7.0,40,2.7.0,JIRA_FIX_VERSION,PROPORTION_TOTAL,37.667235284095746,38,2.332764715904251,false,1,5,,2.7.0
STORM-4104,26,2.0.0,40,2.7.0,41,2.7.1,JIRA_FIX_VERSION,JIRA_AFFECTED_VERSION,,26,,false,1,2,2.0.0,2.7.1
STORM-4154,40,2.7.0,41,2.7.1,42,2.8.0,JIRA_FIX_VERSION,JIRA_AFFECTED_VERSION,,40,,false,1,3,2.7.0,2.8.0
STORM-427,7,0.10.0,3,0.9.2-incubating,7,0.10.0,JIRA_FIX_VERSION,PROPORTION_TOTAL,-2.331058863617004,1,2.332764715904251,true,1,1,0.10.0,0.10.0
STORM-468,3,0.9.2-incubating,3,0.9.2-incubating,9,1.0.0,JIRA_FIX_VERSION,JIRA_AFFECTED_VERSION,,3,,true,1,3,0.9.2-incubating,1.0.0
STORM-497,4,0.9.3,3,0.9.2-incubating,4,0.9.3,GIT_CONTAINMENT,PROPORTION_TOTAL,1.667235284095749,2,2.332764715904251,true,1,2,0.9.3,0.9.3-rc2
STORM-509,7,0.10.0,3,0.9.2-incubating,7,0.10.0,JIRA_FIX_VERSION,PROPORTION_TOTAL,-2.331058863617004,1,2.332764715904251,true,1,4,0.10.0,0.10.0
STORM-511,4,0.9.3,3,0.9.2-incubating,4,0.9.3,JIRA_FIX_VERSION,PROPORTION_TOTAL,1.667235284095749,2,2.332764715904251,true,1,3,0.9.3,0.9.3 | 0.9.3-rc2
STORM-513,3,0.9.2-incubating,3,0.9.2-incubating,4,0.9.3,GIT_CONTAINMENT,JIRA_AFFECTED_VERSION,,3,,true,1,16,0.9.2-incubating,0.9.3-rc2
STORM-563,,,3,0.9.2-incubating,7,0.10.0,JIRA_FIX_VERSION,PROPORTION_TOTAL,-2.331058863617004,1,2.332764715904251,true,2,10,,0.10.0
STORM-565,7,0.10.0,3,0.9.2-incubating,7,0.10.0,JIRA_FIX_VERSION,PROPORTION_TOTAL,-2.331058863617004,1,2.332764715904251,true,1,1,0.10.0,0.10.0
STORM-566,,,3,0.9.2-incubating,9,1.0.0,JIRA_FIX_VERSION,PROPORTION_TOTAL,-4.996588295425507,1,2.332764715904251,true,1,1,,1.0.0
STORM-586,4,0.9.3,4,0.9.3,7,0.10.0,JIRA_FIX_VERSION,JIRA_AFFECTED_VERSION,,4,,true,1,4,0.9.3,0.10.0
STORM-596,7,0.10.0,4,0.9.3,7,0.10.0,JIRA_FIX_VERSION,PROPORTION_TOTAL,0.001705852287246401,1,2.332764715904251,true,1,5,0.10.0 | 0.9.3-rc2,0.10.0
STORM-625,,,4,0.9.3,7,0.10.0,JIRA_FIX_VERSION,PROPORTION_TOTAL,0.001705852287246401,1,2.332764715904251,true,1,6,,0.10.0
STORM-643,3,0.9.2-incubating,4,0.9.3,8,0.9.6,JIRA_FIX_VERSION,JIRA_AFFECTED_VERSION,,3,,true,2,2,0.9.2-incubating | 0.9.3 | 0.10.0 | 0.9.4 | 0.9.5,0.9.6
STORM-670,7,0.10.0,4,0.9.3,7,0.10.0,JIRA_FIX_VERSION,PROPORTION_TOTAL,0.001705852287246401,1,2.332764715904251,true,1,1,0.10.0,0.10.0
STORM-682,,,4,0.9.3,5,0.9.4,JIRA_FIX_VERSION,PROPORTION_TOTAL,2.667235284095749,3,2.332764715904251,true,2,2,,0.10.0 | 0.9.4
STORM-688,,,4,0.9.3,7,0.10.0,JIRA_FIX_VERSION,PROPORTION_TOTAL,0.001705852287246401,1,2.332764715904251,true,1,1,,0.10.0
STORM-693,4,0.9.3,4,0.9.3,5,0.9.4,JIRA_FIX_VERSION,JIRA_AFFECTED_VERSION,,4,,true,2,4,0.9.3,0.10.0 | 0.9.4
STORM-711,4,0.9.3,4,0.9.3,7,0.10.0,JIRA_FIX_VERSION,JIRA_AFFECTED_VERSION,,4,,true,1,5,0.9.3,0.10.0
STORM-713,4,0.9.3,4,0.9.3,7,0.10.0,JIRA_FIX_VERSION,JIRA_AFFECTED_VERSION,,4,,true,1,2,0.9.3 | 0.10.0,0.10.0
STORM-723,7,0.10.0,5,0.9.4,7,0.10.0,JIRA_FIX_VERSION,PROPORTION_TOTAL,2.334470568191498,3,2.332764715904251,true,1,9,0.10.0,0.10.0
STORM-737,3,0.9.2-incubating,5,0.9.4,7,0.10.0,JIRA_FIX_VERSION,JIRA_AFFECTED_VERSION,,3,,true,1,1,0.9.2-incubating,0.10.0
STORM-740,5,0.9.4,5,0.9.4,7,0.10.0,JIRA_FIX_VERSION,JIRA_AFFECTED_VERSION,,5,,true,1,1,0.10.0 | 0.9.4,0.10.0
STORM-742,4,0.9.3,5,0.9.4,7,0.10.0,JIRA_FIX_VERSION,JIRA_AFFECTED_VERSION,,4,,true,2,2,0.9.3 | 0.10.0 | 0.9.4 | 1.0.0,0.10.0
STORM-763,5,0.9.4,5,0.9.4,8,0.9.6,JIRA_FIX_VERSION,JIRA_AFFECTED_VERSION,,5,,true,2,51,0.9.4,0.9.6
STORM-808,,,5,0.9.4,7,0.10.0,JIRA_FIX_VERSION,PROPORTION_TOTAL,2.334470568191498,3,2.332764715904251,true,1,1,,0.10.0
STORM-809,,,5,0.9.4,9,1.0.0,JIRA_FIX_VERSION,PROPORTION_TOTAL,-0.3310588636170042,1,2.332764715904251,true,1,1,,1.0.0
STORM-827,,,5,0.9.4,7,0.10.0,JIRA_FIX_VERSION,PROPORTION_TOTAL,2.334470568191498,3,2.332764715904251,true,2,2,,0.10.0
STORM-839,5,0.9.4,5,0.9.4,8,0.9.6,JIRA_FIX_VERSION,JIRA_AFFECTED_VERSION,,5,,true,2,51,0.9.4,0.9.6
STORM-852,4,0.9.3,6,0.9.5,7,0.10.0,JIRA_FIX_VERSION,JIRA_AFFECTED_VERSION,,4,,true,1,4,0.9.3 | 0.10.0 | 0.9.4 | 0.9.5,0.10.0
STORM-873,,,6,0.9.5,7,0.10.0,JIRA_FIX_VERSION,PROPORTION_TOTAL,4.667235284095749,5,2.332764715904251,true,2,10,,0.10.0
STORM-933,6,0.9.5,6,0.9.5,8,0.9.6,JIRA_FIX_VERSION,JIRA_AFFECTED_VERSION,,6,,true,3,3,0.9.5,0.9.6
STORM-951,,,6,0.9.5,9,1.0.0,JIRA_FIX_VERSION,PROPORTION_TOTAL,2.0017058522872464,3,2.332764715904251,true,1,2,,1.0.0
STORM-965,,,6,0.9.5,9,1.0.0,JIRA_FIX_VERSION,PROPORTION_TOTAL,2.0017058522872464,3,2.332764715904251,true,1,1,,1.0.0
STORM-988,,,6,0.9.5,9,1.0.0,JIRA_FIX_VERSION,PROPORTION_TOTAL,2.0017058522872464,3,2.332764715904251,true,1,4,,1.0.0
STORM-994,4,0.9.3,6,0.9.5,7,0.10.0,JIRA_FIX_VERSION,JIRA_AFFECTED_VERSION,,4,,true,2,5,0.9.3 | 0.10.0 | 0.9.4 | 1.0.0 | 0.9.5,0.10.0
