Mode,Classifier,FS,Balancing,Repetition,Seed,Folds,OOFPredictions,ClassifierOptions,Precision,Recall,AUC,Kappa,NPofB20
"FULL","RandomForest","No","No",1,1,10,14611,"-P 100 -I 100 -num-slots 1 -K 0 -M 1.0 -V 0.001 -S 1",0.8711711712,0.7779565567,0.9815237623,0.8063894426,0.8688656476
"FULL","NaiveBayes","No","No",1,1,10,14611,"",0.2741151978,0.3177795656,0.7674538457,0.2233948983,0.1922767498
"FULL","IBk","No","No",1,1,10,14611,"-K 1 -W 0 -A ""weka.core.neighboursearch.LinearNNSearch -A \""weka.core.EuclideanDistance -R first-last\""""",0.7401709402,0.6967015286,0.8391792963,0.6924021205,0.7015285599
"FULL","RandomForest","Yes","No",1,1,10,14611,"-P 100 -I 100 -num-slots 1 -K 0 -M 1.0 -V 0.001 -S 1",0.8459507042,0.7731295253,0.9787098295,0.7909150430,0.8600160901
"FULL","NaiveBayes","Yes","No",1,1,10,14611,"",0.2837573386,0.3499597747,0.7523258915,0.2421972915,0.2276749799
"FULL","IBk","Yes","No",1,1,10,14611,"-K 1 -W 0 -A ""weka.core.neighboursearch.LinearNNSearch -A \""weka.core.EuclideanDistance -R first-last\""""",0.7465918204,0.7489943685,0.9136541653,0.7242987874,0.7683024940
"FULL","RandomForest","No","Yes",1,1,10,14611,"-P 100 -I 100 -num-slots 1 -K 0 -M 1.0 -V 0.001 -S 1",0.8323932313,0.8310539019,0.9823859514,0.8160898572,0.8535800483
"FULL","NaiveBayes","No","Yes",1,1,10,14611,"",0.2676488643,0.3507642800,0.7687490100,0.2292373469,0.2172164119
"FULL","IBk","No","Yes",1,1,10,14611,"-K 1 -W 0 -A ""weka.core.neighboursearch.LinearNNSearch -A \""weka.core.EuclideanDistance -R first-last\""""",0.6492042440,0.7876106195,0.8790599590,0.6820904466,0.7771520515
"FULL","RandomForest","Yes","Yes",1,1,10,14611,"-P 100 -I 100 -num-slots 1 -K 0 -M 1.0 -V 0.001 -S 1",0.7734553776,0.8157683025,0.9758473303,0.7743398576,0.8439259855
"FULL","NaiveBayes","Yes","Yes",1,1,10,14611,"",0.2558494405,0.4046661303,0.7546033069,0.2336040836,0.2461786002
"FULL","IBk","Yes","Yes",1,1,10,14611,"-K 1 -W 0 -A ""weka.core.neighboursearch.LinearNNSearch -A \""weka.core.EuclideanDistance -R first-last\""""",0.6606217617,0.8205953339,0.9305759771,0.7040757815,0.8101367659
"FULL","RandomForest","No","No",2,2,10,14611,"-P 100 -I 100 -num-slots 1 -K 0 -M 1.0 -V 0.001 -S 1",0.8707052441,0.7747385358,0.9826524046,0.8042408709,0.8632341110
"FULL","NaiveBayes","No","No",2,2,10,14611,"",0.2734864301,0.3161705551,0.7675931055,0.2223364398,0.1938857603
"FULL","IBk","No","No",2,2,10,14611,"-K 1 -W 0 -A ""weka.core.neighboursearch.LinearNNSearch -A \""weka.core.EuclideanDistance -R first-last\""""",0.7386070507,0.6910699920,0.8338080444,0.6884227952,0.6950925181
"FULL","RandomForest","Yes","No",2,2,10,14611,"-P 100 -I 100 -num-slots 1 -K 0 -M 1.0 -V 0.001 -S 1",0.8487848785,0.7586484312,0.9705225083,0.7838305269,0.8495575221
"FULL","NaiveBayes","Yes","No",2,2,10,14611,"",0.2836506894,0.3475462591,0.7527884158,0.2412843364,0.2212389381
"FULL","IBk","Yes","No",2,2,10,14611,"-K 1 -W 0 -A ""weka.core.neighboursearch.LinearNNSearch -A \""weka.core.EuclideanDistance -R first-last\""""",0.7480190174,0.7594529364,0.9368698704,0.7306001577,0.7884151247
"FULL","RandomForest","No","Yes",2,2,10,14611,"-P 100 -I 100 -num-slots 1 -K 0 -M 1.0 -V 0.001 -S 1",0.8276409849,0.8382944489,0.9828694489,0.8172906401,0.8527755430
"FULL","NaiveBayes","No","Yes",2,2,10,14611,"",0.2692071297,0.3523732904,0.7689792340,0.2310578036,0.2204344328
"FULL","IBk","No","Yes",2,2,10,14611,"-K 1 -W 0 -A ""weka.core.neighboursearch.LinearNNSearch -A \""weka.core.EuclideanDistance -R first-last\""""",0.6344510191,0.7763475463,0.8681266499,0.6670935464,0.7610619469
"FULL","RandomForest","Yes","Yes",2,2,10,14611,"-P 100 -I 100 -num-slots 1 -K 0 -M 1.0 -V 0.001 -S 1",0.7710566616,0.8101367659,0.9705389980,0.7700694564,0.8342719228
"FULL","NaiveBayes","Yes","Yes",2,2,10,14611,"",0.2539440204,0.4014481094,0.7553177206,0.2309468494,0.2542236525
"FULL","IBk","Yes","Yes",2,2,10,14611,"-K 1 -W 0 -A ""weka.core.neighboursearch.LinearNNSearch -A \""weka.core.EuclideanDistance -R first-last\""""",0.6623036649,0.8141592920,0.9428145611,0.7025110039,0.8141592920
"FULL","RandomForest","No","No",3,3,10,14611,"-P 100 -I 100 -num-slots 1 -K 0 -M 1.0 -V 0.001 -S 1",0.8694096601,0.7819790829,0.9823930528,0.8079028861,0.8720836685
"FULL","NaiveBayes","No","No",3,3,10,14611,"",0.2740585774,0.3161705551,0.7675992440,0.2227737407,0.1938857603
"FULL","IBk","No","No",3,3,10,14611,"-K 1 -W 0 -A ""weka.core.neighboursearch.LinearNNSearch -A \""weka.core.EuclideanDistance -R first-last\""""",0.7379543533,0.7023330652,0.8400962806,0.6943432201,0.7055510861
"FULL","RandomForest","Yes","No",3,3,10,14611,"-P 100 -I 100 -num-slots 1 -K 0 -M 1.0 -V 0.001 -S 1",0.8445229682,0.7691069992,0.9764654838,0.7878477521,0.8543845535
"FULL","NaiveBayes","Yes","No",3,3,10,14611,"",0.2785388128,0.3435237329,0.7505376006,0.2358358836,0.2236524537
"FULL","IBk","Yes","No",3,3,10,14611,"-K 1 -W 0 -A ""weka.core.neighboursearch.LinearNNSearch -A \""weka.core.EuclideanDistance -R first-last\""""",0.7673841060,0.7457763475,0.9146433673,0.7341306619,0.7650844730
"FULL","RandomForest","No","Yes",3,3,10,14611,"-P 100 -I 100 -num-slots 1 -K 0 -M 1.0 -V 0.001 -S 1",0.8318654924,0.8358809332,0.9833260454,0.8183802615,0.8551890587
"FULL","NaiveBayes","No","Yes",3,3,10,14611,"",0.2698706100,0.3523732904,0.7686530507,0.2316167388,0.2196299276
"FULL","IBk","No","Yes",3,3,10,14611,"-K 1 -W 0 -A ""weka.core.neighboursearch.LinearNNSearch -A \""weka.core.EuclideanDistance -R first-last\""""",0.6426207809,0.7811745776,0.8713721135,0.6747980146,0.7666934835
"FULL","RandomForest","Yes","Yes",3,3,10,14611,"-P 100 -I 100 -num-slots 1 -K 0 -M 1.0 -V 0.001 -S 1",0.7759146341,0.8189863234,0.9749195735,0.7774221808,0.8431214803
"FULL","NaiveBayes","Yes","Yes",3,3,10,14611,"",0.2528147390,0.3974255833,0.7533151838,0.2288452093,0.2502011263
"FULL","IBk","Yes","Yes",3,3,10,14611,"-K 1 -W 0 -A ""weka.core.neighboursearch.LinearNNSearch -A \""weka.core.EuclideanDistance -R first-last\""""",0.6666666667,0.8125502816,0.9278081734,0.7048270547,0.8045052293
"FULL","RandomForest","No","No",4,4,10,14611,"-P 100 -I 100 -num-slots 1 -K 0 -M 1.0 -V 0.001 -S 1",0.8656583630,0.7827835881,0.9814151348,0.8065040508,0.8624296058
"FULL","NaiveBayes","No","No",4,4,10,14611,"",0.2727905358,0.3153660499,0.7665450460,0.2215152534,0.1922767498
"FULL","IBk","No","No",4,4,10,14611,"-K 1 -W 0 -A ""weka.core.neighboursearch.LinearNNSearch -A \""weka.core.EuclideanDistance -R first-last\""""",0.7290108063,0.7055510861,0.8475584759,0.6912526283,0.7071600965
"FULL","RandomForest","Yes","No",4,4,10,14611,"-P 100 -I 100 -num-slots 1 -K 0 -M 1.0 -V 0.001 -S 1",0.8412556054,0.7546259051,0.9718193277,0.7777047508,0.8527755430
"FULL","NaiveBayes","Yes","No",4,4,10,14611,"",0.2822045153,0.3419147224,0.7498802089,0.2381939482,0.2212389381
"FULL","IBk","Yes","No",4,4,10,14611,"-K 1 -W 0 -A ""weka.core.neighboursearch.LinearNNSearch -A \""weka.core.EuclideanDistance -R first-last\""""",0.7644694534,0.7650844730,0.9351336365,0.7428954146,0.7972646822
"FULL","RandomForest","No","Yes",4,4,10,14611,"-P 100 -I 100 -num-slots 1 -K 0 -M 1.0 -V 0.001 -S 1",0.8247422680,0.8366854385,0.9813025354,0.8148023721,0.8439259855
"FULL","NaiveBayes","No","Yes",4,4,10,14611,"",0.2687576876,0.3515687852,0.7677289650,0.2304259004,0.2188254224
"FULL","IBk","No","Yes",4,4,10,14611,"-K 1 -W 0 -A ""weka.core.neighboursearch.LinearNNSearch -A \""weka.core.EuclideanDistance -R first-last\""""",0.6347031963,0.7827835881,0.8737915872,0.6700019685,0.7674979887
"FULL","RandomForest","Yes","Yes",4,4,10,14611,"-P 100 -I 100 -num-slots 1 -K 0 -M 1.0 -V 0.001 -S 1",0.7624434389,0.8133547868,0.9725929297,0.7665771504,0.8423169751
"FULL","NaiveBayes","Yes","Yes",4,4,10,14611,"",0.2511369378,0.3998390990,0.7524059930,0.2278049820,0.2510056315
"FULL","IBk","Yes","Yes",4,4,10,14611,"-K 1 -W 0 -A ""weka.core.neighboursearch.LinearNNSearch -A \""weka.core.EuclideanDistance -R first-last\""""",0.6728723404,0.8141592920,0.9418525611,0.7097668566,0.8149637973
"FULL","RandomForest","No","No",5,5,10,14611,"-P 100 -I 100 -num-slots 1 -K 0 -M 1.0 -V 0.001 -S 1",0.8671943712,0.7932421561,0.9855025967,0.8134041877,0.8656476267
"FULL","NaiveBayes","No","No",5,5,10,14611,"",0.2734212353,0.3169750603,0.7671358470,0.2225748295,0.1938857603
"FULL","IBk","No","No",5,5,10,14611,"-K 1 -W 0 -A ""weka.core.neighboursearch.LinearNNSearch -A \""weka.core.EuclideanDistance -R first-last\""""",0.7439126784,0.7127916331,0.8545089485,0.7033194664,0.7160096541
"FULL","RandomForest","Yes","No",5,5,10,14611,"-P 100 -I 100 -num-slots 1 -K 0 -M 1.0 -V 0.001 -S 1",0.8317349608,0.7674979887,0.9768328914,0.7803942942,0.8535800483
"FULL","NaiveBayes","Yes","No",5,5,10,14611,"",0.2800788955,0.3427192277,0.7596242729,0.2367900008,0.2252614642
"FULL","IBk","Yes","No",5,5,10,14611,"-K 1 -W 0 -A ""weka.core.neighboursearch.LinearNNSearch -A \""weka.core.EuclideanDistance -R first-last\""""",0.7472089314,0.7538213998,0.9313589675,0.7271895893,0.7860016090
"FULL","RandomForest","No","Yes",5,5,10,14611,"-P 100 -I 100 -num-slots 1 -K 0 -M 1.0 -V 0.001 -S 1",0.8304140127,0.8390989541,0.9836673041,0.8192794993,0.8495575221
"FULL","NaiveBayes","No","Yes",5,5,10,14611,"",0.2685925015,0.3515687852,0.7684517439,0.2302865476,0.2196299276
"FULL","IBk","No","Yes",5,5,10,14611,"-K 1 -W 0 -A ""weka.core.neighboursearch.LinearNNSearch -A \""weka.core.EuclideanDistance -R first-last\""""",0.6439246264,0.7972646822,0.8877476887,0.6825580291,0.7803700724
"FULL","RandomForest","Yes","Yes",5,5,10,14611,"-P 100 -I 100 -num-slots 1 -K 0 -M 1.0 -V 0.001 -S 1",0.7652370203,0.8181818182,0.9752376624,0.7706613901,0.8407079646
"FULL","NaiveBayes","Yes","Yes",5,5,10,14611,"",0.2535787321,0.3990345937,0.7618929019,0.2299895461,0.2534191472
"FULL","IBk","Yes","Yes",5,5,10,14611,"-K 1 -W 0 -A ""weka.core.neighboursearch.LinearNNSearch -A \""weka.core.EuclideanDistance -R first-last\""""",0.6526791478,0.8133547868,0.9387888453,0.6954649012,0.8093322607
"FULL","RandomForest","No","No",6,6,10,14611,"-P 100 -I 100 -num-slots 1 -K 0 -M 1.0 -V 0.001 -S 1",0.8661909010,0.7811745776,0.9828840429,0.8058222567,0.8640386163
"FULL","NaiveBayes","No","No",6,6,10,14611,"",0.2730422730,0.3169750603,0.7672149254,0.2222840257,0.1930812550
"FULL","IBk","No","No",6,6,10,14611,"-K 1 -W 0 -A ""weka.core.neighboursearch.LinearNNSearch -A \""weka.core.EuclideanDistance -R first-last\""""",0.7325483600,0.7007240547,0.8429762324,0.6905408658,0.7055510861
"FULL","RandomForest","Yes","No",6,6,10,14611,"-P 100 -I 100 -num-slots 1 -K 0 -M 1.0 -V 0.001 -S 1",0.8337777778,0.7546259051,0.9735992233,0.7739579320,0.8487530169
"FULL","NaiveBayes","Yes","No",6,6,10,14611,"",0.2835526316,0.3467417538,0.7555122570,0.2409294100,0.2220434433
"FULL","IBk","Yes","No",6,6,10,14611,"-K 1 -W 0 -A ""weka.core.neighboursearch.LinearNNSearch -A \""weka.core.EuclideanDistance -R first-last\""""",0.7590837283,0.7731295253,0.9516022521,0.7440699483,0.8117457763
"FULL","RandomForest","No","Yes",6,6,10,14611,"-P 100 -I 100 -num-slots 1 -K 0 -M 1.0 -V 0.001 -S 1",0.8321342926,0.8374899437,0.9835757682,0.8193891553,0.8559935640
"FULL","NaiveBayes","No","Yes",6,6,10,14611,"",0.2687576876,0.3515687852,0.7685502007,0.2304259004,0.2188254224
"FULL","IBk","No","Yes",6,6,10,14611,"-K 1 -W 0 -A ""weka.core.neighboursearch.LinearNNSearch -A \""weka.core.EuclideanDistance -R first-last\""""",0.6419672131,0.7876106195,0.8770862491,0.6771014309,0.7715205149
"FULL","RandomForest","Yes","Yes",6,6,10,14611,"-P 100 -I 100 -num-slots 1 -K 0 -M 1.0 -V 0.001 -S 1",0.7560060060,0.8101367659,0.9732707531,0.7611104730,0.8382944489
"FULL","NaiveBayes","Yes","Yes",6,6,10,14611,"",0.2529202641,0.4006436042,0.7575153956,0.2297486526,0.2453740949
"FULL","IBk","Yes","Yes",6,6,10,14611,"-K 1 -W 0 -A ""weka.core.neighboursearch.LinearNNSearch -A \""weka.core.EuclideanDistance -R first-last\""""",0.6671061305,0.8141592920,0.9541085073,0.7058222631,0.8189863234
"FULL","RandomForest","No","No",7,7,10,14611,"-P 100 -I 100 -num-slots 1 -K 0 -M 1.0 -V 0.001 -S 1",0.8665496049,0.7940466613,0.9819037779,0.8135457168,0.8648431215
"FULL","NaiveBayes","No","No",7,7,10,14611,"",0.2738012509,0.3169750603,0.7676592749,0.2228660294,0.1938857603
"FULL","IBk","No","No",7,7,10,14611,"-K 1 -W 0 -A ""weka.core.neighboursearch.LinearNNSearch -A \""weka.core.EuclideanDistance -R first-last\""""",0.7323358271,0.7087691070,0.8429102134,0.6948219620,0.7079646018
"FULL","RandomForest","Yes","No",7,7,10,14611,"-P 100 -I 100 -num-slots 1 -K 0 -M 1.0 -V 0.001 -S 1",0.8405286344,0.7674979887,0.9723604790,0.7848856580,0.8503620274
"FULL","NaiveBayes","Yes","No",7,7,10,14611,"",0.2778514589,0.3370876911,0.7504233462,0.2330883031,0.2236524537
"FULL","IBk","Yes","No",7,7,10,14611,"-K 1 -W 0 -A ""weka.core.neighboursearch.LinearNNSearch -A \""weka.core.EuclideanDistance -R first-last\""""",0.7588652482,0.7747385358,0.9371708076,0.7447829680,0.8012872084
"FULL","RandomForest","No","Yes",7,7,10,14611,"-P 100 -I 100 -num-slots 1 -K 0 -M 1.0 -V 0.001 -S 1",0.8258115598,0.8390989541,0.9836116965,0.8166824136,0.8463395012
"FULL","NaiveBayes","No","Yes",7,7,10,14611,"",0.2689230769,0.3515687852,0.7688275769,0.2305653423,0.2188254224
"FULL","IBk","No","Yes",7,7,10,14611,"-K 1 -W 0 -A ""weka.core.neighboursearch.LinearNNSearch -A \""weka.core.EuclideanDistance -R first-last\""""",0.6367771280,0.7884151247,0.8763351850,0.6738283749,0.7666934835
"FULL","RandomForest","Yes","Yes",7,7,10,14611,"-P 100 -I 100 -num-slots 1 -K 0 -M 1.0 -V 0.001 -S 1",0.7638266069,0.8222043443,0.9728179180,0.7718141571,0.8423169751
"FULL","NaiveBayes","Yes","Yes",7,7,10,14611,"",0.2500000000,0.3990345937,0.7530990723,0.2264912445,0.2493966211
"FULL","IBk","Yes","Yes",7,7,10,14611,"-K 1 -W 0 -A ""weka.core.neighboursearch.LinearNNSearch -A \""weka.core.EuclideanDistance -R first-last\""""",0.6765676568,0.8246178600,0.9449963783,0.7168259549,0.8189863234
"FULL","RandomForest","No","No",8,8,10,14611,"-P 100 -I 100 -num-slots 1 -K 0 -M 1.0 -V 0.001 -S 1",0.8712522046,0.7948511665,0.9846869579,0.8163965386,0.8704746581
"FULL","NaiveBayes","No","No",8,8,10,14611,"",0.2720333102,0.3153660499,0.7679488378,0.2209346920,0.1938857603
"FULL","IBk","No","No",8,8,10,14611,"-K 1 -W 0 -A ""weka.core.neighboursearch.LinearNNSearch -A \""weka.core.EuclideanDistance -R first-last\""""",0.7274979356,0.7087691070,0.8483838942,0.6921644454,0.7087691070
"FULL","RandomForest","Yes","No",8,8,10,14611,"-P 100 -I 100 -num-slots 1 -K 0 -M 1.0 -V 0.001 -S 1",0.8368237347,0.7715205149,0.9746056673,0.7853248755,0.8616251006
"FULL","NaiveBayes","Yes","No",8,8,10,14611,"",0.2873938602,0.3539823009,0.7612714384,0.2464711086,0.2260659694
"FULL","IBk","Yes","No",8,8,10,14611,"-K 1 -W 0 -A ""weka.core.neighboursearch.LinearNNSearch -A \""weka.core.EuclideanDistance -R first-last\""""",0.7590652699,0.7578439260,0.9305853955,0.7360141491,0.7811745776
"FULL","RandomForest","No","Yes",8,8,10,14611,"-P 100 -I 100 -num-slots 1 -K 0 -M 1.0 -V 0.001 -S 1",0.8238546603,0.8390989541,0.9842986975,0.8155734040,0.8559935640
"FULL","NaiveBayes","No","Yes",8,8,10,14611,"",0.2680667078,0.3491552695,0.7689213395,0.2290841665,0.2188254224
"FULL","IBk","No","Yes",8,8,10,14611,"-K 1 -W 0 -A ""weka.core.neighboursearch.LinearNNSearch -A \""weka.core.EuclideanDistance -R first-last\""""",0.6352040816,0.8012872084,0.8838531684,0.6780927894,0.7795655672
"FULL","RandomForest","Yes","Yes",8,8,10,14611,"-P 100 -I 100 -num-slots 1 -K 0 -M 1.0 -V 0.001 -S 1",0.7770219199,0.8270313757,0.9753761399,0.7821348094,0.8511665326
"FULL","NaiveBayes","Yes","Yes",8,8,10,14611,"",0.2546835443,0.4046661303,0.7635753637,0.2324673483,0.2510056315
"FULL","IBk","Yes","Yes",8,8,10,14611,"-K 1 -W 0 -A ""weka.core.neighboursearch.LinearNNSearch -A \""weka.core.EuclideanDistance -R first-last\""""",0.6545570427,0.8262268705,0.9390191897,0.7021659299,0.8109412711
"FULL","RandomForest","No","No",9,9,10,14611,"-P 100 -I 100 -num-slots 1 -K 0 -M 1.0 -V 0.001 -S 1",0.8746642793,0.7860016090,0.9836044446,0.8128986701,0.8696701529
"FULL","NaiveBayes","No","No",9,9,10,14611,"",0.2745504841,0.3193885760,0.7671539917,0.2243045884,0.1946902655
"FULL","IBk","No","No",9,9,10,14611,"-K 1 -W 0 -A ""weka.core.neighboursearch.LinearNNSearch -A \""weka.core.EuclideanDistance -R first-last\""""",0.7341772152,0.6999195495,0.8428742550,0.6909777981,0.7015285599
"FULL","RandomForest","Yes","No",9,9,10,14611,"-P 100 -I 100 -num-slots 1 -K 0 -M 1.0 -V 0.001 -S 1",0.8382867133,0.7715205149,0.9750650621,0.7860746187,0.8576025744
"FULL","NaiveBayes","Yes","No",9,9,10,14611,"",0.2847682119,0.3459372486,0.7551247188,0.2416108067,0.2260659694
"FULL","IBk","Yes","No",9,9,10,14611,"-K 1 -W 0 -A ""weka.core.neighboursearch.LinearNNSearch -A \""weka.core.EuclideanDistance -R first-last\""""",0.7617905675,0.7666934835,0.9401455752,0.7422350081,0.7956556718
"FULL","RandomForest","No","Yes",9,9,10,14611,"-P 100 -I 100 -num-slots 1 -K 0 -M 1.0 -V 0.001 -S 1",0.8324066720,0.8431214803,0.9832348705,0.8225358849,0.8567980692
"FULL","NaiveBayes","No","Yes",9,9,10,14611,"",0.2705373687,0.3523732904,0.7687367330,0.2321771087,0.2204344328
"FULL","IBk","No","Yes",9,9,10,14611,"-K 1 -W 0 -A ""weka.core.neighboursearch.LinearNNSearch -A \""weka.core.EuclideanDistance -R first-last\""""",0.6451187335,0.7868061142,0.8777450852,0.6789360023,0.7691069992
"FULL","RandomForest","Yes","Yes",9,9,10,14611,"-P 100 -I 100 -num-slots 1 -K 0 -M 1.0 -V 0.001 -S 1",0.7621540763,0.8197908286,0.9771122535,0.7696082792,0.8439259855
"FULL","NaiveBayes","Yes","Yes",9,9,10,14611,"",0.2541322314,0.3958165728,0.7570797122,0.2297158483,0.2502011263
"FULL","IBk","Yes","Yes",9,9,10,14611,"-K 1 -W 0 -A ""weka.core.neighboursearch.LinearNNSearch -A \""weka.core.EuclideanDistance -R first-last\""""",0.6697307945,0.8205953339,0.9463285542,0.7103955985,0.8109412711
"FULL","RandomForest","No","No",10,10,10,14611,"-P 100 -I 100 -num-slots 1 -K 0 -M 1.0 -V 0.001 -S 1",0.8777484609,0.8028962188,0.9847713323,0.8243804119,0.8761061947
"FULL","NaiveBayes","No","No",10,10,10,14611,"",0.2712100139,0.3137570394,0.7673740752,0.2197281513,0.1954947707
"FULL","IBk","No","No",10,10,10,14611,"-K 1 -W 0 -A ""weka.core.neighboursearch.LinearNNSearch -A \""weka.core.EuclideanDistance -R first-last\""""",0.7425910246,0.7055510861,0.8474813233,0.6986133289,0.7095736122
"FULL","RandomForest","Yes","No",10,10,10,14611,"-P 100 -I 100 -num-slots 1 -K 0 -M 1.0 -V 0.001 -S 1",0.8395390071,0.7618664521,0.9758158855,0.7810998348,0.8616251006
"FULL","NaiveBayes","Yes","No",10,10,10,14611,"",0.2829940906,0.3467417538,0.7565086507,0.2404865282,0.2244569590
"FULL","IBk","Yes","No",10,10,10,14611,"-K 1 -W 0 -A ""weka.core.neighboursearch.LinearNNSearch -A \""weka.core.EuclideanDistance -R first-last\""""",0.7646129542,0.7787610619,0.9512958685,0.7501739018,0.8101367659
"FULL","RandomForest","No","Yes",10,10,10,14611,"-P 100 -I 100 -num-slots 1 -K 0 -M 1.0 -V 0.001 -S 1",0.8373015873,0.8487530169,0.9844311568,0.8282805217,0.8559935640
"FULL","NaiveBayes","No","Yes",10,10,10,14611,"",0.2694204686,0.3515687852,0.7685720465,0.2309842046,0.2204344328
"FULL","IBk","No","Yes",10,10,10,14611,"-K 1 -W 0 -A ""weka.core.neighboursearch.LinearNNSearch -A \""weka.core.EuclideanDistance -R first-last\""""",0.6464052288,0.7956556718,0.8804930291,0.6836043733,0.7795655672
"FULL","RandomForest","Yes","Yes",10,10,10,14611,"-P 100 -I 100 -num-slots 1 -K 0 -M 1.0 -V 0.001 -S 1",0.7654046028,0.8294448914,0.9745202096,0.7763482926,0.8495575221
"FULL","NaiveBayes","Yes","Yes",10,10,10,14611,"",0.2533129460,0.3998390990,0.7586369667,0.2299317225,0.2413515688
"FULL","IBk","Yes","Yes",10,10,10,14611,"-K 1 -W 0 -A ""weka.core.neighboursearch.LinearNNSearch -A \""weka.core.EuclideanDistance -R first-last\""""",0.6720779221,0.8326629123,0.9576311365,0.7171729751,0.8246178600
