Mode,Repetition,Seed,Fold,InputPredictors,SelectedPredictors,SelectedFeatures,TrainYesBefore,TrainNoBefore,TrainYesAfterSmote,TrainNoAfterSmote,TestYes,TestNo,SmotePercentage
"FULL",1,1,1,24,13,"LOC|NFIX|LOC_ADDED|MAX_LOC_ADDED|MAX_CHURN|CHANGE_SET_SIZE|AVG_CHANGE_SET_SIZE|WEIGHTED_AGE_WEEKS|MAX_LOC_DELETED|AVG_LOC_DELETED|AVG_ND|AVG_ENTROPY|NSMELLS",1118,12031,12031,12031,125,1337,976.1180679785
"FULL",1,1,2,24,9,"LOC|NFIX|MAX_LOC_ADDED|MAX_CHURN|CHANGE_SET_SIZE|AVG_CHANGE_SET_SIZE|AVG_LOC_DELETED|AVG_ENTROPY|NSMELLS",1119,12031,12031,12031,124,1337,975.1563896336
"FULL",1,1,3,24,11,"LOC|NFIX|MAX_LOC_ADDED|MAX_CHURN|CHANGE_SET_SIZE|AVG_CHANGE_SET_SIZE|LOC_DELETED|AVG_LOC_DELETED|AVG_ENTROPY|MAX_ENTROPY|NSMELLS",1119,12031,12031,12031,124,1337,975.1563896336
"FULL",1,1,4,24,8,"LOC|NFIX|MAX_CHURN|AVG_CHANGE_SET_SIZE|AVG_LOC_DELETED|AVG_ENTROPY|MAX_ENTROPY|NSMELLS",1119,12031,12031,12031,124,1337,975.1563896336
"FULL",1,1,5,24,11,"LOC|NFIX|MAX_LOC_ADDED|MAX_CHURN|AVG_CHANGE_SET_SIZE|WEIGHTED_AGE_WEEKS|MAX_LOC_DELETED|AVG_LOC_DELETED|AVG_ENTROPY|MAX_ENTROPY|NSMELLS",1119,12031,12031,12031,124,1337,975.1563896336
"FULL",1,1,6,24,11,"LOC|NFIX|MAX_LOC_ADDED|MAX_CHURN|CHANGE_SET_SIZE|AVG_CHANGE_SET_SIZE|MAX_LOC_DELETED|AVG_LOC_DELETED|AVG_ENTROPY|MAX_ENTROPY|NSMELLS",1119,12031,12031,12031,124,1337,975.1563896336
"FULL",1,1,7,24,14,"LOC|NFIX|LOC_ADDED|MAX_LOC_ADDED|MAX_CHURN|CHANGE_SET_SIZE|AVG_CHANGE_SET_SIZE|WEIGHTED_AGE_WEEKS|MAX_LOC_DELETED|AVG_LOC_DELETED|AVG_ND|AVG_ENTROPY|MAX_ENTROPY|NSMELLS",1119,12031,12031,12031,124,1337,975.1563896336
"FULL",1,1,8,24,14,"LOC|NFIX|LOC_ADDED|MAX_LOC_ADDED|MAX_CHURN|CHANGE_SET_SIZE|AVG_CHANGE_SET_SIZE|WEIGHTED_AGE_WEEKS|MAX_LOC_DELETED|AVG_LOC_DELETED|AVG_ND|AVG_ENTROPY|MAX_ENTROPY|NSMELLS",1119,12031,12031,12031,124,1337,975.1563896336
"FULL",1,1,9,24,10,"LOC|NFIX|MAX_LOC_ADDED|MAX_CHURN|CHANGE_SET_SIZE|AVG_CHANGE_SET_SIZE|AVG_LOC_DELETED|AVG_ENTROPY|MAX_ENTROPY|NSMELLS",1118,12032,12031,12032,125,1336,976.2075134168
"FULL",1,1,10,24,11,"LOC|NFIX|MAX_LOC_ADDED|MAX_CHURN|CHANGE_SET_SIZE|AVG_CHANGE_SET_SIZE|MAX_LOC_DELETED|AVG_LOC_DELETED|AVG_ENTROPY|MAX_ENTROPY|NSMELLS",1118,12032,12031,12032,125,1336,976.2075134168
"FULL",2,2,1,24,8,"LOC|NFIX|MAX_CHURN|CHANGE_SET_SIZE|AVG_CHANGE_SET_SIZE|AVG_LOC_DELETED|AVG_ENTROPY|NSMELLS",1118,12031,12031,12031,125,1337,976.1180679785
"FULL",2,2,2,24,11,"LOC|NFIX|MAX_LOC_ADDED|MAX_CHURN|CHANGE_SET_SIZE|AVG_CHANGE_SET_SIZE|MAX_LOC_DELETED|AVG_LOC_DELETED|AVG_ENTROPY|MAX_ENTROPY|NSMELLS",1119,12031,12031,12031,124,1337,975.1563896336
"FULL",2,2,3,24,10,"LOC|NFIX|MAX_LOC_ADDED|MAX_CHURN|CHANGE_SET_SIZE|AVG_CHANGE_SET_SIZE|AVG_LOC_DELETED|AVG_ENTROPY|MAX_ENTROPY|NSMELLS",1119,12031,12031,12031,124,1337,975.1563896336
"FULL",2,2,4,24,13,"LOC|LOC_TOUCHED|NFIX|MAX_LOC_ADDED|MAX_CHURN|CHANGE_SET_SIZE|AVG_CHANGE_SET_SIZE|WEIGHTED_AGE_WEEKS|MAX_LOC_DELETED|AVG_LOC_DELETED|AVG_ENTROPY|MAX_ENTROPY|NSMELLS",1119,12031,12031,12031,124,1337,975.1563896336
"FULL",2,2,5,24,11,"LOC|NFIX|LOC_ADDED|MAX_CHURN|CHANGE_SET_SIZE|AVG_CHANGE_SET_SIZE|MAX_LOC_DELETED|AVG_LOC_DELETED|AVG_ENTROPY|MAX_ENTROPY|NSMELLS",1119,12031,12031,12031,124,1337,975.1563896336
"FULL",2,2,6,24,9,"LOC|NFIX|LOC_ADDED|MAX_CHURN|CHANGE_SET_SIZE|AVG_CHANGE_SET_SIZE|AVG_LOC_DELETED|AVG_ENTROPY|NSMELLS",1119,12031,12031,12031,124,1337,975.1563896336
"FULL",2,2,7,24,12,"LOC|NFIX|LOC_ADDED|MAX_LOC_ADDED|MAX_CHURN|CHANGE_SET_SIZE|AVG_CHANGE_SET_SIZE|WEIGHTED_AGE_WEEKS|AVG_LOC_DELETED|AVG_ENTROPY|MAX_ENTROPY|NSMELLS",1119,12031,12031,12031,124,1337,975.1563896336
"FULL",2,2,8,24,11,"LOC|NFIX|MAX_LOC_ADDED|MAX_CHURN|CHANGE_SET_SIZE|AVG_CHANGE_SET_SIZE|MAX_LOC_DELETED|AVG_LOC_DELETED|AVG_ENTROPY|MAX_ENTROPY|NSMELLS",1119,12031,12031,12031,124,1337,975.1563896336
"FULL",2,2,9,24,10,"LOC|NFIX|MAX_LOC_ADDED|MAX_CHURN|CHANGE_SET_SIZE|AVG_CHANGE_SET_SIZE|AVG_LOC_DELETED|AVG_ENTROPY|MAX_ENTROPY|NSMELLS",1118,12032,12031,12032,125,1336,976.2075134168
"FULL",2,2,10,24,11,"LOC|NFIX|MAX_LOC_ADDED|MAX_CHURN|CHANGE_SET_SIZE|AVG_CHANGE_SET_SIZE|MAX_LOC_DELETED|AVG_LOC_DELETED|AVG_ENTROPY|MAX_ENTROPY|NSMELLS",1118,12032,12031,12032,125,1336,976.2075134168
"FULL",3,3,1,24,11,"LOC|NFIX|MAX_LOC_ADDED|MAX_CHURN|CHANGE_SET_SIZE|AVG_CHANGE_SET_SIZE|MAX_LOC_DELETED|AVG_LOC_DELETED|AVG_ENTROPY|MAX_ENTROPY|NSMELLS",1118,12031,12031,12031,125,1337,976.1180679785
"FULL",3,3,2,24,10,"LOC|LOC_TOUCHED|NFIX|MAX_CHURN|CHANGE_SET_SIZE|AVG_CHANGE_SET_SIZE|AVG_LOC_DELETED|AVG_ENTROPY|MAX_ENTROPY|NSMELLS",1119,12031,12031,12031,124,1337,975.1563896336
"FULL",3,3,3,24,11,"LOC|NFIX|MAX_LOC_ADDED|MAX_CHURN|CHANGE_SET_SIZE|AVG_CHANGE_SET_SIZE|MAX_LOC_DELETED|AVG_LOC_DELETED|AVG_ENTROPY|MAX_ENTROPY|NSMELLS",1119,12031,12031,12031,124,1337,975.1563896336
"FULL",3,3,4,24,12,"LOC|NFIX|LOC_ADDED|MAX_LOC_ADDED|MAX_CHURN|CHANGE_SET_SIZE|AVG_CHANGE_SET_SIZE|MAX_LOC_DELETED|AVG_LOC_DELETED|AVG_ENTROPY|MAX_ENTROPY|NSMELLS",1119,12031,12031,12031,124,1337,975.1563896336
"FULL",3,3,5,24,13,"LOC|NFIX|LOC_ADDED|MAX_LOC_ADDED|MAX_CHURN|CHANGE_SET_SIZE|AVG_CHANGE_SET_SIZE|WEIGHTED_AGE_WEEKS|MAX_LOC_DELETED|AVG_LOC_DELETED|AVG_ENTROPY|MAX_ENTROPY|NSMELLS",1119,12031,12031,12031,124,1337,975.1563896336
"FULL",3,3,6,24,11,"LOC|NFIX|MAX_LOC_ADDED|MAX_CHURN|AVG_CHANGE_SET_SIZE|WEIGHTED_AGE_WEEKS|MAX_LOC_DELETED|AVG_LOC_DELETED|AVG_ENTROPY|MAX_ENTROPY|NSMELLS",1119,12031,12031,12031,124,1337,975.1563896336
"FULL",3,3,7,24,8,"LOC|NFIX|MAX_CHURN|CHANGE_SET_SIZE|AVG_CHANGE_SET_SIZE|AVG_LOC_DELETED|AVG_ENTROPY|NSMELLS",1119,12031,12031,12031,124,1337,975.1563896336
"FULL",3,3,8,24,13,"LOC|NFIX|LOC_ADDED|MAX_LOC_ADDED|MAX_CHURN|CHANGE_SET_SIZE|AVG_CHANGE_SET_SIZE|WEIGHTED_AGE_WEEKS|MAX_LOC_DELETED|AVG_LOC_DELETED|AVG_ENTROPY|MAX_ENTROPY|NSMELLS",1119,12031,12031,12031,124,1337,975.1563896336
"FULL",3,3,9,24,13,"LOC|NFIX|MAX_LOC_ADDED|MAX_CHURN|CHANGE_SET_SIZE|AVG_CHANGE_SET_SIZE|WEIGHTED_AGE_WEEKS|MAX_LOC_DELETED|AVG_LOC_DELETED|AVG_ND|AVG_ENTROPY|MAX_ENTROPY|NSMELLS",1118,12032,12031,12032,125,1336,976.2075134168
"FULL",3,3,10,24,9,"LOC|NFIX|MAX_CHURN|CHANGE_SET_SIZE|AVG_CHANGE_SET_SIZE|MAX_LOC_DELETED|AVG_ENTROPY|MAX_ENTROPY|NSMELLS",1118,12032,12031,12032,125,1336,976.2075134168
"FULL",4,4,1,24,10,"LOC|NFIX|MAX_LOC_ADDED|MAX_CHURN|CHANGE_SET_SIZE|AVG_CHANGE_SET_SIZE|MAX_LOC_DELETED|AVG_ENTROPY|MAX_ENTROPY|NSMELLS",1118,12031,12031,12031,125,1337,976.1180679785
"FULL",4,4,2,24,10,"LOC|NFIX|NAUTH|MAX_LOC_ADDED|MAX_CHURN|AVG_CHANGE_SET_SIZE|AVG_LOC_DELETED|AVG_ENTROPY|MAX_ENTROPY|NSMELLS",1118,12032,12031,12032,125,1336,976.2075134168
"FULL",4,4,3,24,11,"LOC|NFIX|MAX_LOC_ADDED|MAX_CHURN|CHANGE_SET_SIZE|AVG_CHANGE_SET_SIZE|MAX_LOC_DELETED|AVG_LOC_DELETED|AVG_ENTROPY|MAX_ENTROPY|NSMELLS",1118,12032,12031,12032,125,1336,976.2075134168
"FULL",4,4,4,24,9,"LOC|NFIX|MAX_LOC_ADDED|MAX_CHURN|CHANGE_SET_SIZE|AVG_CHANGE_SET_SIZE|AVG_LOC_DELETED|AVG_ENTROPY|NSMELLS",1119,12031,12031,12031,124,1337,975.1563896336
"FULL",4,4,5,24,11,"LOC|NFIX|MAX_LOC_ADDED|MAX_CHURN|CHANGE_SET_SIZE|AVG_CHANGE_SET_SIZE|MAX_LOC_DELETED|AVG_LOC_DELETED|AVG_ENTROPY|MAX_ENTROPY|NSMELLS",1119,12031,12031,12031,124,1337,975.1563896336
"FULL",4,4,6,24,11,"LOC|NFIX|MAX_LOC_ADDED|MAX_CHURN|CHANGE_SET_SIZE|AVG_CHANGE_SET_SIZE|MAX_LOC_DELETED|AVG_LOC_DELETED|AVG_ENTROPY|MAX_ENTROPY|NSMELLS",1119,12031,12031,12031,124,1337,975.1563896336
"FULL",4,4,7,24,7,"LOC|NFIX|MAX_CHURN|AVG_CHANGE_SET_SIZE|AVG_LOC_DELETED|AVG_ENTROPY|MAX_ENTROPY",1119,12031,12031,12031,124,1337,975.1563896336
"FULL",4,4,8,24,13,"LOC|NFIX|LOC_ADDED|MAX_LOC_ADDED|MAX_CHURN|CHANGE_SET_SIZE|AVG_CHANGE_SET_SIZE|WEIGHTED_AGE_WEEKS|MAX_LOC_DELETED|AVG_LOC_DELETED|AVG_ENTROPY|MAX_ENTROPY|NSMELLS",1119,12031,12031,12031,124,1337,975.1563896336
"FULL",4,4,9,24,12,"LOC|NFIX|LOC_ADDED|MAX_CHURN|CHANGE_SET_SIZE|AVG_CHANGE_SET_SIZE|WEIGHTED_AGE_WEEKS|MAX_LOC_DELETED|AVG_LOC_DELETED|AVG_ENTROPY|MAX_ENTROPY|NSMELLS",1119,12031,12031,12031,124,1337,975.1563896336
"FULL",4,4,10,24,11,"LOC|NFIX|MAX_LOC_ADDED|MAX_CHURN|CHANGE_SET_SIZE|AVG_CHANGE_SET_SIZE|LOC_DELETED|MAX_LOC_DELETED|AVG_ENTROPY|MAX_ENTROPY|NSMELLS",1119,12031,12031,12031,124,1337,975.1563896336
"FULL",5,5,1,24,7,"LOC|NFIX|NAUTH|MAX_LOC_ADDED|AVG_CHANGE_SET_SIZE|MAX_LOC_DELETED|AVG_ENTROPY",1118,12031,12031,12031,125,1337,976.1180679785
"FULL",5,5,2,24,11,"LOC|NFIX|MAX_LOC_ADDED|MAX_CHURN|CHANGE_SET_SIZE|AVG_CHANGE_SET_SIZE|MAX_LOC_DELETED|AVG_LOC_DELETED|AVG_ENTROPY|MAX_ENTROPY|NSMELLS",1118,12032,12031,12032,125,1336,976.2075134168
"FULL",5,5,3,24,10,"LOC|NFIX|MAX_LOC_ADDED|MAX_CHURN|CHANGE_SET_SIZE|AVG_CHANGE_SET_SIZE|MAX_LOC_DELETED|AVG_ENTROPY|MAX_ENTROPY|NSMELLS",1118,12032,12031,12032,125,1336,976.2075134168
"FULL",5,5,4,24,11,"LOC|NFIX|MAX_LOC_ADDED|MAX_CHURN|AVG_CHANGE_SET_SIZE|WEIGHTED_AGE_WEEKS|MAX_LOC_DELETED|AVG_LOC_DELETED|AVG_ENTROPY|MAX_ENTROPY|NSMELLS",1119,12031,12031,12031,124,1337,975.1563896336
"FULL",5,5,5,24,11,"LOC|NFIX|MAX_LOC_ADDED|MAX_CHURN|CHANGE_SET_SIZE|AVG_CHANGE_SET_SIZE|MAX_LOC_DELETED|AVG_LOC_DELETED|AVG_ENTROPY|MAX_ENTROPY|NSMELLS",1119,12031,12031,12031,124,1337,975.1563896336
"FULL",5,5,6,24,10,"LOC|NFIX|MAX_LOC_ADDED|MAX_CHURN|CHANGE_SET_SIZE|AVG_CHANGE_SET_SIZE|AVG_LOC_DELETED|AVG_ENTROPY|MAX_ENTROPY|NSMELLS",1119,12031,12031,12031,124,1337,975.1563896336
"FULL",5,5,7,24,10,"LOC|NFIX|CHURN|MAX_CHURN|CHANGE_SET_SIZE|AVG_CHANGE_SET_SIZE|AVG_LOC_DELETED|AVG_ENTROPY|MAX_ENTROPY|NSMELLS",1119,12031,12031,12031,124,1337,975.1563896336
"FULL",5,5,8,24,11,"LOC|NFIX|MAX_LOC_ADDED|MAX_CHURN|CHANGE_SET_SIZE|AVG_CHANGE_SET_SIZE|WEIGHTED_AGE_WEEKS|MAX_LOC_DELETED|AVG_LOC_DELETED|AVG_ENTROPY|NSMELLS",1119,12031,12031,12031,124,1337,975.1563896336
"FULL",5,5,9,24,11,"LOC|NFIX|CHURN|MAX_CHURN|CHANGE_SET_SIZE|AVG_CHANGE_SET_SIZE|WEIGHTED_AGE_WEEKS|MAX_LOC_DELETED|AVG_LOC_DELETED|AVG_ENTROPY|NSMELLS",1119,12031,12031,12031,124,1337,975.1563896336
"FULL",5,5,10,24,11,"LOC|NFIX|MAX_LOC_ADDED|MAX_CHURN|CHANGE_SET_SIZE|AVG_CHANGE_SET_SIZE|MAX_LOC_DELETED|AVG_LOC_DELETED|AVG_ENTROPY|MAX_ENTROPY|NSMELLS",1119,12031,12031,12031,124,1337,975.1563896336
"FULL",6,6,1,24,11,"LOC|NFIX|MAX_LOC_ADDED|MAX_CHURN|CHANGE_SET_SIZE|AVG_CHANGE_SET_SIZE|MAX_LOC_DELETED|AVG_LOC_DELETED|AVG_ENTROPY|MAX_ENTROPY|NSMELLS",1118,12031,12031,12031,125,1337,976.1180679785
"FULL",6,6,2,24,11,"LOC|NFIX|MAX_LOC_ADDED|MAX_CHURN|CHANGE_SET_SIZE|AVG_CHANGE_SET_SIZE|MAX_LOC_DELETED|AVG_LOC_DELETED|AVG_ENTROPY|MAX_ENTROPY|NSMELLS",1119,12031,12031,12031,124,1337,975.1563896336
"FULL",6,6,3,24,10,"LOC|NFIX|MAX_LOC_ADDED|MAX_CHURN|CHANGE_SET_SIZE|AVG_CHANGE_SET_SIZE|AVG_LOC_DELETED|AVG_ENTROPY|MAX_ENTROPY|NSMELLS",1119,12031,12031,12031,124,1337,975.1563896336
"FULL",6,6,4,24,10,"LOC|NFIX|MAX_LOC_ADDED|MAX_CHURN|CHANGE_SET_SIZE|AVG_CHANGE_SET_SIZE|AVG_LOC_DELETED|AVG_ENTROPY|MAX_ENTROPY|NSMELLS",1119,12031,12031,12031,124,1337,975.1563896336
"FULL",6,6,5,24,10,"LOC|LOC_TOUCHED|NFIX|MAX_LOC_ADDED|CHANGE_SET_SIZE|AVG_CHANGE_SET_SIZE|MAX_LOC_DELETED|AVG_ENTROPY|MAX_ENTROPY|NSMELLS",1119,12031,12031,12031,124,1337,975.1563896336
"FULL",6,6,6,24,11,"LOC|NFIX|LOC_ADDED|MAX_CHURN|CHANGE_SET_SIZE|AVG_CHANGE_SET_SIZE|MAX_LOC_DELETED|AVG_LOC_DELETED|AVG_ENTROPY|MAX_ENTROPY|NSMELLS",1119,12031,12031,12031,124,1337,975.1563896336
"FULL",6,6,7,24,14,"LOC|NFIX|LOC_ADDED|MAX_LOC_ADDED|MAX_CHURN|CHANGE_SET_SIZE|AVG_CHANGE_SET_SIZE|WEIGHTED_AGE_WEEKS|MAX_LOC_DELETED|AVG_LOC_DELETED|AVG_ND|AVG_ENTROPY|MAX_ENTROPY|NSMELLS",1119,12031,12031,12031,124,1337,975.1563896336
"FULL",6,6,8,24,10,"LOC|NFIX|MAX_CHURN|CHANGE_SET_SIZE|AVG_CHANGE_SET_SIZE|MAX_LOC_DELETED|AVG_LOC_DELETED|AVG_ENTROPY|MAX_ENTROPY|NSMELLS",1119,12031,12031,12031,124,1337,975.1563896336
"FULL",6,6,9,24,9,"LOC|NFIX|MAX_LOC_ADDED|MAX_CHURN|CHANGE_SET_SIZE|AVG_CHANGE_SET_SIZE|AVG_LOC_DELETED|AVG_ENTROPY|NSMELLS",1118,12032,12031,12032,125,1336,976.2075134168
"FULL",6,6,10,24,10,"LOC|NFIX|MAX_LOC_ADDED|MAX_CHURN|CHANGE_SET_SIZE|AVG_CHANGE_SET_SIZE|MAX_LOC_DELETED|AVG_ENTROPY|MAX_ENTROPY|NSMELLS",1118,12032,12031,12032,125,1336,976.2075134168
"FULL",7,7,1,24,12,"LOC|NFIX|MAX_LOC_ADDED|MAX_CHURN|CHANGE_SET_SIZE|AVG_CHANGE_SET_SIZE|WEIGHTED_AGE_WEEKS|MAX_LOC_DELETED|AVG_LOC_DELETED|AVG_ENTROPY|MAX_ENTROPY|NSMELLS",1118,12031,12031,12031,125,1337,976.1180679785
"FULL",7,7,2,24,6,"LOC|NFIX|MAX_CHURN|AVG_CHANGE_SET_SIZE|MAX_LOC_DELETED|AVG_ENTROPY",1118,12032,12031,12032,125,1336,976.2075134168
"FULL",7,7,3,24,11,"LOC|NFIX|MAX_LOC_ADDED|MAX_CHURN|CHANGE_SET_SIZE|AVG_CHANGE_SET_SIZE|MAX_LOC_DELETED|AVG_LOC_DELETED|AVG_ENTROPY|MAX_ENTROPY|NSMELLS",1118,12032,12031,12032,125,1336,976.2075134168
"FULL",7,7,4,24,11,"LOC|NFIX|LOC_ADDED|MAX_CHURN|CHANGE_SET_SIZE|AVG_CHANGE_SET_SIZE|MAX_LOC_DELETED|AVG_LOC_DELETED|AVG_ENTROPY|MAX_ENTROPY|NSMELLS",1119,12031,12031,12031,124,1337,975.1563896336
"FULL",7,7,5,24,11,"LOC|NFIX|LOC_ADDED|MAX_LOC_ADDED|CHANGE_SET_SIZE|AVG_CHANGE_SET_SIZE|MAX_LOC_DELETED|AVG_LOC_DELETED|AVG_ENTROPY|MAX_ENTROPY|NSMELLS",1119,12031,12031,12031,124,1337,975.1563896336
"FULL",7,7,6,24,12,"LOC|NFIX|LOC_ADDED|MAX_LOC_ADDED|MAX_CHURN|CHANGE_SET_SIZE|AVG_CHANGE_SET_SIZE|MAX_LOC_DELETED|AVG_LOC_DELETED|AVG_ENTROPY|MAX_ENTROPY|NSMELLS",1119,12031,12031,12031,124,1337,975.1563896336
"FULL",7,7,7,24,11,"LOC|NFIX|MAX_LOC_ADDED|MAX_CHURN|CHANGE_SET_SIZE|AVG_CHANGE_SET_SIZE|MAX_LOC_DELETED|AVG_LOC_DELETED|AVG_ENTROPY|MAX_ENTROPY|NSMELLS",1119,12031,12031,12031,124,1337,975.1563896336
"FULL",7,7,8,24,10,"LOC|NFIX|MAX_LOC_ADDED|MAX_CHURN|AVG_CHANGE_SET_SIZE|AVG_LOC_DELETED|AVG_ND|AVG_ENTROPY|MAX_ENTROPY|NSMELLS",1119,12031,12031,12031,124,1337,975.1563896336
"FULL",7,7,9,24,10,"LOC|NFIX|MAX_LOC_ADDED|MAX_CHURN|CHANGE_SET_SIZE|AVG_CHANGE_SET_SIZE|MAX_LOC_DELETED|AVG_ENTROPY|MAX_ENTROPY|NSMELLS",1119,12031,12031,12031,124,1337,975.1563896336
"FULL",7,7,10,24,11,"LOC|NFIX|MAX_LOC_ADDED|MAX_CHURN|CHANGE_SET_SIZE|AVG_CHANGE_SET_SIZE|WEIGHTED_AGE_WEEKS|MAX_LOC_DELETED|AVG_LOC_DELETED|AVG_ENTROPY|NSMELLS",1119,12031,12031,12031,124,1337,975.1563896336
"FULL",8,8,1,24,11,"LOC|NFIX|MAX_LOC_ADDED|MAX_CHURN|CHANGE_SET_SIZE|AVG_CHANGE_SET_SIZE|MAX_LOC_DELETED|AVG_LOC_DELETED|AVG_ENTROPY|MAX_ENTROPY|NSMELLS",1118,12031,12031,12031,125,1337,976.1180679785
"FULL",8,8,2,24,11,"LOC|NFIX|MAX_LOC_ADDED|MAX_CHURN|CHANGE_SET_SIZE|AVG_CHANGE_SET_SIZE|MAX_LOC_DELETED|AVG_LOC_DELETED|AVG_ENTROPY|MAX_ENTROPY|NSMELLS",1119,12031,12031,12031,124,1337,975.1563896336
"FULL",8,8,3,24,10,"LOC|NFIX|MAX_LOC_ADDED|MAX_CHURN|CHANGE_SET_SIZE|AVG_CHANGE_SET_SIZE|MAX_LOC_DELETED|AVG_LOC_DELETED|AVG_ENTROPY|NSMELLS",1119,12031,12031,12031,124,1337,975.1563896336
"FULL",8,8,4,24,10,"LOC|NFIX|MAX_LOC_ADDED|MAX_CHURN|CHANGE_SET_SIZE|AVG_CHANGE_SET_SIZE|AVG_LOC_DELETED|AVG_ENTROPY|MAX_ENTROPY|NSMELLS",1119,12031,12031,12031,124,1337,975.1563896336
"FULL",8,8,5,24,10,"LOC|NFIX|MAX_LOC_ADDED|MAX_CHURN|CHANGE_SET_SIZE|AVG_CHANGE_SET_SIZE|MAX_LOC_DELETED|AVG_ENTROPY|MAX_ENTROPY|NSMELLS",1119,12031,12031,12031,124,1337,975.1563896336
"FULL",8,8,6,24,10,"LOC|NFIX|MAX_LOC_ADDED|MAX_CHURN|CHANGE_SET_SIZE|AVG_CHANGE_SET_SIZE|AVG_LOC_DELETED|AVG_ENTROPY|MAX_ENTROPY|NSMELLS",1119,12031,12031,12031,124,1337,975.1563896336
"FULL",8,8,7,24,11,"LOC|NFIX|MAX_LOC_ADDED|MAX_CHURN|CHANGE_SET_SIZE|AVG_CHANGE_SET_SIZE|WEIGHTED_AGE_WEEKS|MAX_LOC_DELETED|AVG_LOC_DELETED|AVG_ENTROPY|NSMELLS",1119,12031,12031,12031,124,1337,975.1563896336
"FULL",8,8,8,24,10,"LOC|NFIX|LOC_ADDED|MAX_CHURN|CHANGE_SET_SIZE|AVG_CHANGE_SET_SIZE|WEIGHTED_AGE_WEEKS|MAX_LOC_DELETED|AVG_ENTROPY|NSMELLS",1119,12031,12031,12031,124,1337,975.1563896336
"FULL",8,8,9,24,10,"LOC|NFIX|MAX_LOC_ADDED|MAX_CHURN|CHANGE_SET_SIZE|AVG_CHANGE_SET_SIZE|AVG_LOC_DELETED|AVG_ENTROPY|MAX_ENTROPY|NSMELLS",1118,12032,12031,12032,125,1336,976.2075134168
"FULL",8,8,10,24,11,"LOC|NFIX|MAX_LOC_ADDED|MAX_CHURN|CHANGE_SET_SIZE|AVG_CHANGE_SET_SIZE|WEIGHTED_AGE_WEEKS|MAX_LOC_DELETED|AVG_LOC_DELETED|AVG_ENTROPY|NSMELLS",1118,12032,12031,12032,125,1336,976.2075134168
"FULL",9,9,1,24,10,"LOC|NFIX|MAX_LOC_ADDED|MAX_CHURN|CHANGE_SET_SIZE|AVG_CHANGE_SET_SIZE|MAX_LOC_DELETED|AVG_LOC_DELETED|AVG_ENTROPY|NSMELLS",1118,12031,12031,12031,125,1337,976.1180679785
"FULL",9,9,2,24,11,"LOC|NFIX|MAX_LOC_ADDED|MAX_CHURN|CHANGE_SET_SIZE|AVG_CHANGE_SET_SIZE|MAX_LOC_DELETED|AVG_LOC_DELETED|AVG_ENTROPY|MAX_ENTROPY|NSMELLS",1119,12031,12031,12031,124,1337,975.1563896336
"FULL",9,9,3,24,9,"LOC|NFIX|MAX_LOC_ADDED|MAX_CHURN|CHANGE_SET_SIZE|AVG_CHANGE_SET_SIZE|MAX_LOC_DELETED|AVG_ENTROPY|NSMELLS",1119,12031,12031,12031,124,1337,975.1563896336
"FULL",9,9,4,24,10,"LOC|NFIX|MAX_LOC_ADDED|MAX_CHURN|CHANGE_SET_SIZE|AVG_CHANGE_SET_SIZE|AVG_LOC_DELETED|AVG_ENTROPY|MAX_ENTROPY|NSMELLS",1119,12031,12031,12031,124,1337,975.1563896336
"FULL",9,9,5,24,9,"LOC|NFIX|MAX_LOC_ADDED|CHANGE_SET_SIZE|AVG_CHANGE_SET_SIZE|MAX_LOC_DELETED|AVG_ENTROPY|MAX_ENTROPY|NSMELLS",1119,12031,12031,12031,124,1337,975.1563896336
"FULL",9,9,6,24,12,"LOC|NFIX|MAX_LOC_ADDED|MAX_CHURN|AVG_CHANGE_SET_SIZE|WEIGHTED_AGE_WEEKS|LOC_DELETED|MAX_LOC_DELETED|AVG_ND|AVG_ENTROPY|MAX_ENTROPY|NSMELLS",1119,12031,12031,12031,124,1337,975.1563896336
"FULL",9,9,7,24,11,"LOC|NFIX|MAX_LOC_ADDED|MAX_CHURN|CHANGE_SET_SIZE|AVG_CHANGE_SET_SIZE|MAX_LOC_DELETED|AVG_LOC_DELETED|AVG_ENTROPY|MAX_ENTROPY|NSMELLS",1119,12031,12031,12031,124,1337,975.1563896336
"FULL",9,9,8,24,11,"LOC|NFIX|MAX_LOC_ADDED|MAX_CHURN|CHANGE_SET_SIZE|AVG_CHANGE_SET_SIZE|MAX_LOC_DELETED|AVG_LOC_DELETED|AVG_ENTROPY|MAX_ENTROPY|NSMELLS",1119,12031,12031,12031,124,1337,975.1563896336
"FULL",9,9,9,24,11,"LOC|NFIX|LOC_ADDED|MAX_CHURN|CHANGE_SET_SIZE|AVG_CHANGE_SET_SIZE|MAX_LOC_DELETED|AVG_LOC_DELETED|AVG_ENTROPY|MAX_ENTROPY|NSMELLS",1118,12032,12031,12032,125,1336,976.2075134168
"FULL",9,9,10,24,13,"LOC|NFIX|LOC_ADDED|MAX_LOC_ADDED|MAX_CHURN|CHANGE_SET_SIZE|AVG_CHANGE_SET_SIZE|WEIGHTED_AGE_WEEKS|MAX_LOC_DELETED|AVG_LOC_DELETED|AVG_ENTROPY|MAX_ENTROPY|NSMELLS",1118,12032,12031,12032,125,1336,976.2075134168
"FULL",10,10,1,24,10,"LOC|NFIX|MAX_LOC_ADDED|MAX_CHURN|CHANGE_SET_SIZE|AVG_CHANGE_SET_SIZE|AVG_LOC_DELETED|AVG_ENTROPY|MAX_ENTROPY|NSMELLS",1118,12031,12031,12031,125,1337,976.1180679785
"FULL",10,10,2,24,11,"LOC|NFIX|MAX_LOC_ADDED|MAX_CHURN|CHANGE_SET_SIZE|AVG_CHANGE_SET_SIZE|MAX_LOC_DELETED|AVG_LOC_DELETED|AVG_ENTROPY|MAX_ENTROPY|NSMELLS",1119,12031,12031,12031,124,1337,975.1563896336
"FULL",10,10,3,24,10,"LOC|NFIX|LOC_ADDED|MAX_LOC_ADDED|CHANGE_SET_SIZE|AVG_CHANGE_SET_SIZE|MAX_LOC_DELETED|AVG_ENTROPY|MAX_ENTROPY|NSMELLS",1119,12031,12031,12031,124,1337,975.1563896336
"FULL",10,10,4,24,8,"LOC|NFIX|MAX_CHURN|AVG_CHANGE_SET_SIZE|MAX_LOC_DELETED|AVG_ENTROPY|MAX_ENTROPY|NSMELLS",1119,12031,12031,12031,124,1337,975.1563896336
"FULL",10,10,5,24,10,"LOC|NFIX|MAX_LOC_ADDED|MAX_CHURN|CHANGE_SET_SIZE|AVG_CHANGE_SET_SIZE|AVG_LOC_DELETED|AVG_ENTROPY|MAX_ENTROPY|NSMELLS",1119,12031,12031,12031,124,1337,975.1563896336
"FULL",10,10,6,24,11,"LOC|NFIX|MAX_LOC_ADDED|MAX_CHURN|CHANGE_SET_SIZE|AVG_CHANGE_SET_SIZE|MAX_LOC_DELETED|AVG_LOC_DELETED|AVG_ENTROPY|MAX_ENTROPY|NSMELLS",1119,12031,12031,12031,124,1337,975.1563896336
"FULL",10,10,7,24,10,"LOC|NFIX|LOC_ADDED|MAX_CHURN|CHANGE_SET_SIZE|AVG_CHANGE_SET_SIZE|AVG_LOC_DELETED|AVG_ENTROPY|MAX_ENTROPY|NSMELLS",1119,12031,12031,12031,124,1337,975.1563896336
"FULL",10,10,8,24,10,"LOC|NFIX|MAX_LOC_ADDED|MAX_CHURN|CHANGE_SET_SIZE|AVG_CHANGE_SET_SIZE|MAX_LOC_DELETED|AVG_LOC_DELETED|AVG_ENTROPY|NSMELLS",1119,12031,12031,12031,124,1337,975.1563896336
"FULL",10,10,9,24,11,"LOC|NFIX|MAX_LOC_ADDED|MAX_CHURN|CHANGE_SET_SIZE|AVG_CHANGE_SET_SIZE|MAX_LOC_DELETED|AVG_LOC_DELETED|AVG_ENTROPY|MAX_ENTROPY|NSMELLS",1118,12032,12031,12032,125,1336,976.2075134168
"FULL",10,10,10,24,13,"LOC|LOC_TOUCHED|NFIX|MAX_LOC_ADDED|MAX_CHURN|CHANGE_SET_SIZE|AVG_CHANGE_SET_SIZE|WEIGHTED_AGE_WEEKS|MAX_LOC_DELETED|AVG_LOC_DELETED|AVG_ENTROPY|MAX_ENTROPY|NSMELLS",1118,12032,12031,12032,125,1336,976.2075134168
